DitchReservoirCompanyName,BusinessEntity_ID,Column,OldValue,NewValue
Agricultural Ditch And Reservoir Company,19871485638,Ditch_WDID_CSV,,0700502
Agricultural Ditch And Reservoir Company,19871485638,Ditch_WDID_CSV_Flag,x,G1
Alexis Arbaney Ditch Company,20001102133,Ditch_WDID_CSV,,3801121
Alexis Arbaney Ditch Company,20001102133,Ditch_WDID_CSV_Flag,x,G1
"Allen Basin Reservoir Company, Inc.",19871131752,Ditch_WDID_CSV,,5800506
"Allen Basin Reservoir Company, Inc.",19871131752,Ditch_WDID_CSV_Flag,x,G1
"Allen Basin Reservoir Company, Inc.",19871131752,Reservoir_WDID_CSV,,5803500
"Allen Basin Reservoir Company, Inc.",19871131752,Reservoir_WDID_CSV_Flag,x,G1
"Alpine Lakes Ditch And Reservoir Company, Inc.",19951153013,Ditch_WDID_CSV,,"7700504,7700519,7700551,7700552,7700648"
"Alpine Lakes Ditch And Reservoir Company, Inc.",19951153013,Ditch_WDID_CSV_Flag,x,G1
"Alpine Lakes Ditch And Reservoir Company, Inc.",19951153013,Reservoir_WDID_CSV,,"7703512,7703696"
"Alpine Lakes Ditch And Reservoir Company, Inc.",19951153013,Reservoir_WDID_CSV_Flag,x,G1
Amity Mutual Irrigation Company,19871100491,Ditch_WDID_CSV,,"1700555,6700520,6700533,6700575,6700607,6700672"
Amity Mutual Irrigation Company,19871100491,Ditch_WDID_CSV_Flag,x,G1
Amity Mutual Irrigation Company,19871100491,Reservoir_WDID_CSV,,"1703605,1703606,1703607,1703608"
Amity Mutual Irrigation Company,19871100491,Reservoir_WDID_CSV_Flag,x,G1
Anderson Ditch Company,19961125049,Ditch_WDID_CSV,,"0600501,0600753"
Anderson Ditch Company,19961125049,Ditch_WDID_CSV_Flag,x,G1
"Antonio Lopez Ditch Company, Inc.",19871233718,Ditch_WDID_CSV,,1900583
"Antonio Lopez Ditch Company, Inc.",19871233718,Ditch_WDID_CSV_Flag,x,G1
Antonito Ditch Company,19871113687,Ditch_WDID_CSV,,2200504
Antonito Ditch Company,19871113687,Ditch_WDID_CSV_Flag,x,G1
Arch Ditch Association,20131241429,Ditch_WDID_CSV,,"2800510,2800684,2801578,2801579"
Arch Ditch Association,20131241429,Ditch_WDID_CSV_Flag,x,G1
Arlian Ranch Ditch Company,19881059304,Ditch_WDID_CSV,,3801514
Arlian Ranch Ditch Company,19881059304,Ditch_WDID_CSV_Flag,x,G1
B. H. Eaton Ditch Company,19871052181,Ditch_WDID_CSV,,0301340
B. H. Eaton Ditch Company,19871052181,Ditch_WDID_CSV_Flag,x,G1
"Bagwell Ditch Company, Inc.",19961143964,Ditch_WDID_CSV,,"2200508,2200949"
"Bagwell Ditch Company, Inc.",19961143964,Ditch_WDID_CSV_Flag,x,G1
Bane And Thomas Ditch Company,20111251191,Ditch_WDID_CSV,,"3800521,3800522"
Bane And Thomas Ditch Company,20111251191,Ditch_WDID_CSV_Flag,x,G1
Bar Nothing Ranch Mutual Ditch And Reservoir Company,19891088103,Ditch_WDID_CSV,,1400656
Bar Nothing Ranch Mutual Ditch And Reservoir Company,19891088103,Ditch_WDID_CSV_Flag,x,G1
Bergen Ditch & Reservoir Company,19871006928,Ditch_WDID_CSV,,0900535
Bergen Ditch & Reservoir Company,19871006928,Ditch_WDID_CSV_Flag,x,G1
Bess Girl Ditch Company,19871429905,Ditch_WDID_CSV,,7800571
Bess Girl Ditch Company,19871429905,Ditch_WDID_CSV_Flag,x,G1
Bessemer Irrigating Ditch Company,19871017330,Reservoir_WDID_CSV,,1403527
Bessemer Irrigating Ditch Company,19871017330,Reservoir_WDID_CSV_Flag,x,G1
Big Blue Ditch Company,19871098930,Ditch_WDID_CSV,,6200528
Big Blue Ditch Company,19871098930,Ditch_WDID_CSV_Flag,x,G1
Big Stick Ditch Company,19871049594,Ditch_WDID_CSV,,3300554
Big Stick Ditch Company,19871049594,Ditch_WDID_CSV_Flag,x,G1
Big Thompson And Platte River Ditch Company,19871000162,Ditch_WDID_CSV,,0400502
Big Thompson And Platte River Ditch Company,19871000162,Ditch_WDID_CSV_Flag,x,G1
Big Thompson Ditch And Manufacturing Company,19871007283,Ditch_WDID_CSV,,0400503
Big Thompson Ditch And Manufacturing Company,19871007283,Ditch_WDID_CSV_Flag,x,G1
Bijou Irrigation Company,19871029704,Ditch_WDID_CSV,,0100507
Bijou Irrigation Company,19871029704,Ditch_WDID_CSV_Flag,x,G1
Bijou Irrigation Company,19871029704,Reservoir_WDID_CSV,,"0103570,0103653"
Bijou Irrigation Company,19871029704,Reservoir_WDID_CSV_Flag,x,G1
Billings Ditch Company,19871006674,Ditch_WDID_CSV,,2000546
Billings Ditch Company,19871006674,Ditch_WDID_CSV_Flag,x,G1
Bord Ditch Company,19871471142,Ditch_WDID_CSV,,3200512
Bord Ditch Company,19871471142,Ditch_WDID_CSV_Flag,x,G1
Boulder And Weld County Ditch Company,19871055908,Ditch_WDID_CSV,,"0600515,0600946,0600947"
Boulder And Weld County Ditch Company,19871055908,Ditch_WDID_CSV_Flag,x,G1
"Bowen Ditch Company, Inc.",19871107877,Ditch_WDID_CSV,,1100691
"Bowen Ditch Company, Inc.",19871107877,Ditch_WDID_CSV_Flag,x,G1
Bravo Ditch Company,19871015703,Ditch_WDID_CSV,,6400522
Bravo Ditch Company,19871015703,Ditch_WDID_CSV_Flag,x,G1
Brighton Ditch Company,19871002441,Ditch_WDID_CSV,,0200810
Brighton Ditch Company,19871002441,Ditch_WDID_CSV_Flag,x,G1
Briscoe Irrigation Company,19871093196,Reservoir_WDID_CSV,,0103809
Briscoe Irrigation Company,19871093196,Reservoir_WDID_CSV_Flag,x,G1
Brown And Baugh Ditch Company,19871052014,Ditch_WDID_CSV,,0700528
Brown And Baugh Ditch Company,19871052014,Ditch_WDID_CSV_Flag,x,G1
Buckhorn Highline Ditch Company,19871073711,Ditch_WDID_CSV,,0400574
Buckhorn Highline Ditch Company,19871073711,Ditch_WDID_CSV_Flag,x,G1
Bull Creek Reservoir Company,,Ditch_WDID_CSV,,7200718
Bull Creek Reservoir Company,,Ditch_WDID_CSV_Flag,x,G1
Bull Creek Reservoir Company,,Reservoir_WDID_CSV,,"7203887,7203888,7203889,7203890,7203891,7203892,7203893,7203894"
Bull Creek Reservoir Company,,Reservoir_WDID_CSV_Flag,x,G1
Butte Ditch Company,19871060679,Ditch_WDID_CSV,,"4000754,4000820,4006472"
Butte Ditch Company,19871060679,Ditch_WDID_CSV_Flag,x,G1
Canon City And Oil Creek Ditch Company,19871001603,Ditch_WDID_CSV,,1200509
Canon City And Oil Creek Ditch Company,19871001603,Ditch_WDID_CSV_Flag,x,G1
Canon City Hydraulic And Irrigating Ditch Company,19871001639,Ditch_WDID_CSV,,1200505
Canon City Hydraulic And Irrigating Ditch Company,19871001639,Ditch_WDID_CSV_Flag,x,G1
Capulin Ditch Company,20081545527,Ditch_WDID_CSV,,2100510
Capulin Ditch Company,20081545527,Ditch_WDID_CSV_Flag,x,G1
Chace Lateral Ditch Company,19871047724,Ditch_WDID_CSV,,4700550
Chace Lateral Ditch Company,19871047724,Ditch_WDID_CSV_Flag,x,G1
Chilcott Ditch Company,19871000942,Ditch_WDID_CSV,,1000593
Chilcott Ditch Company,19871000942,Ditch_WDID_CSV_Flag,x,G1
Chilili Ditch Company,19871084674,Ditch_WDID_CSV,,1900590
Chilili Ditch Company,19871084674,Ditch_WDID_CSV_Flag,x,G1
Cimarron Canal And Reservoir Company,19871345297,Ditch_WDID_CSV,,6200560
Cimarron Canal And Reservoir Company,19871345297,Ditch_WDID_CSV_Flag,x,G1
Clinton Ditch & Reservoir Company,19921052130,Reservoir_WDID_CSV,,3603575
Clinton Ditch & Reservoir Company,19921052130,Reservoir_WDID_CSV_Flag,x,G1
Clover Basin Irrigation Company,19871083835,Ditch_WDID_CSV,,0500552
Clover Basin Irrigation Company,19871083835,Ditch_WDID_CSV_Flag,x,G1
Clover Basin Irrigation Company,19871083835,Reservoir_WDID_CSV,,0504072
Clover Basin Irrigation Company,19871083835,Reservoir_WDID_CSV_Flag,x,G1
Commonwealth Irrigation Company,19871390617,Ditch_WDID_CSV,,2000623
Commonwealth Irrigation Company,19871390617,Ditch_WDID_CSV_Flag,x,G1
Conejos And San Rafael Ditch Company,19871040534,Ditch_WDID_CSV,,2200625
Conejos And San Rafael Ditch Company,19871040534,Ditch_WDID_CSV_Flag,x,G1
Consolidated Home Supply Ditch,,Reservoir_WDID_CSV,,0404136
Consolidated Home Supply Ditch,,Reservoir_WDID_CSV_Flag,x,G1
Costilla Ditch Company,19871007345,Ditch_WDID_CSV,,2000587
Costilla Ditch Company,19871007345,Ditch_WDID_CSV_Flag,x,G1
Cottonwood Lakes Reservoir Company,19871018079,Reservoir_WDID_CSV,,"7203923,7203924,7203925,7203926,7203932,7203933,7203934"
Cottonwood Lakes Reservoir Company,19871018079,Reservoir_WDID_CSV_Flag,x,G1
Crater Reservoir Company,19871067605,Reservoir_WDID_CSV,,4003463
Crater Reservoir Company,19871067605,Reservoir_WDID_CSV_Flag,x,G1
Crawford Clipper Ditch Company,19871007116,Ditch_WDID_CSV,,"4000500,4006022"
Crawford Clipper Ditch Company,19871007116,Ditch_WDID_CSV_Flag,x,G1
Currant Creek Ditch And Reservoir Company,19871041102,Ditch_WDID_CSV,,4000919
Currant Creek Ditch And Reservoir Company,19871041102,Ditch_WDID_CSV_Flag,x,G1
Darlington Ditch Company,19871018124,Ditch_WDID_CSV,,4600520
Darlington Ditch Company,19871018124,Ditch_WDID_CSV_Flag,x,G1
Davidson Ditch Company,19871001177,Ditch_WDID_CSV,,0600567
Davidson Ditch Company,19871001177,Ditch_WDID_CSV_Flag,x,G1
Deep Creek Reservoir Company,19871001089,Reservoir_WDID_CSV,,4203606
Deep Creek Reservoir Company,19871001089,Reservoir_WDID_CSV_Flag,x,G1
"Deep Cut Irrigating Ditch, Inc.",19871132059,Ditch_WDID_CSV,,4400589
"Deep Cut Irrigating Ditch, Inc.",19871132059,Ditch_WDID_CSV_Flag,x,G1
Del Rio Irrigating Ditch Company,19871963823,Ditch_WDID_CSV,,2200576
Del Rio Irrigating Ditch Company,19871963823,Ditch_WDID_CSV_Flag,x,G1
Delta Canal Company,19871010147,Ditch_WDID_CSV,,4100517
Delta Canal Company,19871010147,Ditch_WDID_CSV_Flag,x,G1
Denio & Taylor Mill Ditch Company,19871071481,Ditch_WDID_CSV,,0500548
Denio & Taylor Mill Ditch Company,19871071481,Ditch_WDID_CSV_Flag,x,G1
District 64 Reservoir Company,20061477924,Reservoir_WDID_CSV,,6404425
District 64 Reservoir Company,20061477924,Reservoir_WDID_CSV_Flag,x,G1
Don Quixote Ditch Company,19871020633,Ditch_WDID_CSV,,4000874
Don Quixote Ditch Company,19871020633,Ditch_WDID_CSV_Flag,x,G1
Dry Creek-Davidson Ditch Company,19871184098,Ditch_WDID_CSV,,0600569
Dry Creek-Davidson Ditch Company,19871184098,Ditch_WDID_CSV_Flag,x,G1
Duke Ditch Company,19871071560,Ditch_WDID_CSV,,"4000646,4000795,4000805,4000811,4000920,4000921,4001089,4001095,4001110,4001181,4001821,4001847"
Duke Ditch Company,19871071560,Ditch_WDID_CSV_Flag,x,G1
Durkee Ditch Company,19871034933,Ditch_WDID_CSV,,4000797
Durkee Ditch Company,19871034933,Ditch_WDID_CSV_Flag,x,G1
Duroux Ditch Company,19901069419,Ditch_WDID_CSV,,3800645
Duroux Ditch Company,19901069419,Ditch_WDID_CSV_Flag,x,G1
Eagle Ditch Company,19871001450,Ditch_WDID_CSV,,0400592
Eagle Ditch Company,19871001450,Ditch_WDID_CSV_Flag,x,G1
Eagle Park Reservoir Company,19981086031,Reservoir_WDID_CSV,,3703699
Eagle Park Reservoir Company,19981086031,Reservoir_WDID_CSV_Flag,x,G1
"Eaklor Ditch, Co.",20171126962,Ditch_WDID_CSV,,7700524
"Eaklor Ditch, Co.",20171126962,Ditch_WDID_CSV_Flag,x,G1
East Boulder Ditch Company,19871000125,Ditch_WDID_CSV,,0600575
East Boulder Ditch Company,19871000125,Ditch_WDID_CSV_Flag,x,G1
East Mancos Highline Ditch Company,20041017890,Ditch_WDID_CSV,,"3400522,3400608"
East Mancos Highline Ditch Company,20041017890,Ditch_WDID_CSV_Flag,x,G1
El Coda Ditch Company,19871099094,Ditch_WDID_CSV,,2200538
El Coda Ditch Company,19871099094,Ditch_WDID_CSV_Flag,x,G1
Ellington Ditch Company,19871063609,Ditch_WDID_CSV,,4001610
Ellington Ditch Company,19871063609,Ditch_WDID_CSV_Flag,x,G1
Enterprise Ditch Company,19871165271,Ditch_WDID_CSV,,0600576
Enterprise Ditch Company,19871165271,Ditch_WDID_CSV_Flag,x,G1
Ephraim Ditch Company,19871005487,Ditch_WDID_CSV,,2200541
Ephraim Ditch Company,19871005487,Ditch_WDID_CSV_Flag,x,G1
Excelsior Ditch Company,19871035844,Ditch_WDID_CSV,,2000627
Excelsior Ditch Company,19871035844,Ditch_WDID_CSV_Flag,x,G1
Fairport Reservoir And Ditch Company,19871038411,Reservoir_WDID_CSV,,0404118
Fairport Reservoir And Ditch Company,19871038411,Reservoir_WDID_CSV_Flag,x,G1
Farmer's Ditch Company,19871002667,Ditch_WDID_CSV,,"0600525,0600684,0600685"
Farmer's Ditch Company,19871002667,Ditch_WDID_CSV_Flag,x,G1
Farmers High Line Canal And Reservoir Company,19871007142,Ditch_WDID_CSV,,0700569
Farmers High Line Canal And Reservoir Company,19871007142,Ditch_WDID_CSV_Flag,x,G1
Farmers Independent Ditch Co,19871001377,Ditch_WDID_CSV,,0200824
Farmers Independent Ditch Co,19871001377,Ditch_WDID_CSV_Flag,x,G1
Feeder Ditch Company,19871076236,Ditch_WDID_CSV,,4100524
Feeder Ditch Company,19871076236,Ditch_WDID_CSV_Flag,x,G1
Feldman Ditch Company,19871149110,Ditch_WDID_CSV,,4001131
Feldman Ditch Company,19871149110,Ditch_WDID_CSV_Flag,x,G1
Fire Mountain Canal And Reservoir Company,19871078997,Ditch_WDID_CSV,,"4000926,4001133"
Fire Mountain Canal And Reservoir Company,19871078997,Ditch_WDID_CSV_Flag,x,G1
Fire Mountain Canal And Reservoir Company,19871078997,Reservoir_WDID_CSV,,"4003469,4003503"
Fire Mountain Canal And Reservoir Company,19871078997,Reservoir_WDID_CSV_Flag,x,G1
Fogg Ditch Company,19871060878,Ditch_WDID_CSV,,"4000759,4001404"
Fogg Ditch Company,19871060878,Ditch_WDID_CSV_Flag,x,G1
Forked Tongue/Holman Ditch Company,20111251063,Ditch_WDID_CSV,,4000706
Forked Tongue/Holman Ditch Company,20111251063,Ditch_WDID_CSV_Flag,x,G1
Forrest Ditch Company,19871110642,Ditch_WDID_CSV,,"4000691,4000758"
Forrest Ditch Company,19871110642,Ditch_WDID_CSV_Flag,x,G1
Fort Bent Ditch Company,20091085502,Ditch_WDID_CSV,,6700610
Fort Bent Ditch Company,20091085502,Ditch_WDID_CSV_Flag,x,G1
Fremont County Irrigating Ditch Company,19871006449,Ditch_WDID_CSV,,1200510
Fremont County Irrigating Ditch Company,19871006449,Ditch_WDID_CSV_Flag,x,G1
Fremont Pass Ditch Company,20091387469,Ditch_WDID_CSV,,"3701066,3701067"
Fremont Pass Ditch Company,20091387469,Ditch_WDID_CSV_Flag,x,G1
Fruit Growers Ditch And Reservoir Company,19871027412,Reservoir_WDID_CSV,,4003365
Fruit Growers Ditch And Reservoir Company,19871027412,Reservoir_WDID_CSV_Flag,x,G1
Gard Lateral Ditch Company,19871038827,Ditch_WDID_CSV,,4000710
Gard Lateral Ditch Company,19871038827,Ditch_WDID_CSV_Flag,x,G1
Gardeners' Mutual Ditch Company,19871061084,Ditch_WDID_CSV,,0200806
Gardeners' Mutual Ditch Company,19871061084,Ditch_WDID_CSV_Flag,x,G1
"Gilcrest Reservoir, L.L.C.",20081646900,Reservoir_WDID_CSV,,0203388
"Gilcrest Reservoir, L.L.C.",20081646900,Reservoir_WDID_CSV_Flag,x,G1
Godding Ditch Company,19871053541,Ditch_WDID_CSV,,"0600527,0600532,0600783"
Godding Ditch Company,19871053541,Ditch_WDID_CSV_Flag,x,G1
Goodhue Ditch & Reservoir Company,19871115861,Ditch_WDID_CSV,,"0600650,0600747"
Goodhue Ditch & Reservoir Company,19871115861,Ditch_WDID_CSV_Flag,x,G1
Graham Ditch Company,19871009876,Ditch_WDID_CSV,,0301321
Graham Ditch Company,19871009876,Ditch_WDID_CSV_Flag,x,G1
Grand County Irrigated Land Company,19871057099,Ditch_WDID_CSV,,"5100859,5100941,5101231"
Grand County Irrigated Land Company,19871057099,Ditch_WDID_CSV_Flag,x,G1
Grand Mesa Water Users Association,,Reservoir_WDID_CSV,,7203839
Grand Mesa Water Users Association,,Reservoir_WDID_CSV_Flag,x,G1
Grand River Ditch Company,19871064301,Ditch_WDID_CSV,,3900612
Grand River Ditch Company,19871064301,Ditch_WDID_CSV_Flag,x,G1
Grand Valley Irrigation Company,19871016509,Ditch_WDID_CSV,,"7200645,7200985,7201269,7201654"
Grand Valley Irrigation Company,19871016509,Ditch_WDID_CSV_Flag,x,G1
Grand Valley Water Users Association,,Ditch_WDID_CSV,,7200646
Grand Valley Water Users Association,,Ditch_WDID_CSV_Flag,x,G1
Greeley and Loveland Irrigation Company,19871029757,Ditch_WDID_CSV,,0400501
Greeley and Loveland Irrigation Company,19871029757,Ditch_WDID_CSV_Flag,x,G1
Greeley and Loveland Irrigation Company,19871029757,Reservoir_WDID_CSV,,0404135
Greeley and Loveland Irrigation Company,19871029757,Reservoir_WDID_CSV_Flag,x,G1
Green Ditch Company,19721238635,Ditch_WDID_CSV,,0600528
Green Ditch Company,19721238635,Ditch_WDID_CSV_Flag,x,G1
Grimes-Brooks Reservoir Company,19871126362,Reservoir_WDID_CSV,,5303966
Grimes-Brooks Reservoir Company,19871126362,Reservoir_WDID_CSV_Flag,x,G1
Hairpin Lateral Ditch Company,19871054775,Ditch_WDID_CSV,,"4100532,4100746"
Hairpin Lateral Ditch Company,19871054775,Ditch_WDID_CSV_Flag,x,G1
Hallenbeck No.2 Reservoir Co.,19871111983,Reservoir_WDID_CSV,,4203619
Hallenbeck No.2 Reservoir Co.,19871111983,Reservoir_WDID_CSV_Flag,x,G1
Handy Ditch Company,19871001590,Ditch_WDID_CSV,,0400521
Handy Ditch Company,19871001590,Ditch_WDID_CSV_Flag,x,G1
Handy Ditch Company,19871001590,Reservoir_WDID_CSV,,"0404125,0404146,0404166"
Handy Ditch Company,19871001590,Reservoir_WDID_CSV_Flag,x,G1
Hannah Mutual Ditch Company,20031142212,Ditch_WDID_CSV,,7200659
Hannah Mutual Ditch Company,20031142212,Ditch_WDID_CSV_Flag,x,G1
Hardtack Ditch Company,19871077184,Ditch_WDID_CSV,,"2100537,2100538"
Hardtack Ditch Company,19871077184,Ditch_WDID_CSV_Flag,x,G1
Harmony Ditch Company,19871045461,Ditch_WDID_CSV,,"6400511,6400818,6400819,6400820,6400821,6400822,6400833"
Harmony Ditch Company,19871045461,Ditch_WDID_CSV_Flag,x,G1
Hartland Ditch Company,19871024119,Ditch_WDID_CSV,,"4000879,4002254"
Hartland Ditch Company,19871024119,Ditch_WDID_CSV_Flag,x,G1
Henry Bolen Ditch Company,20031218819,Ditch_WDID_CSV,,3400534
Henry Bolen Ditch Company,20031218819,Ditch_WDID_CSV_Flag,x,G1
Hieland Ditch Company,19871216402,Ditch_WDID_CSV,,6800604
Hieland Ditch Company,19871216402,Ditch_WDID_CSV_Flag,x,G1
Highland Ditch Company,19871000986,Ditch_WDID_CSV,,0500526
Highland Ditch Company,19871000986,Ditch_WDID_CSV_Flag,x,G1
Hill & Brush Ditch Company,19871961221,Ditch_WDID_CSV,,0400522
Hill & Brush Ditch Company,19871961221,Ditch_WDID_CSV_Flag,x,G1
Hillsborough Extension Ditch Co.,19871113483,Ditch_WDID_CSV,,0400523
Hillsborough Extension Ditch Co.,19871113483,Ditch_WDID_CSV_Flag,x,G1
Hillsborough Extension Ditch Co.,19871113483,Reservoir_WDID_CSV,,0404129
Hillsborough Extension Ditch Co.,19871113483,Reservoir_WDID_CSV_Flag,x,G1
Hoehne Ditch Company,19871050852,Ditch_WDID_CSV,,1900571
Hoehne Ditch Company,19871050852,Ditch_WDID_CSV_Flag,x,G1
Holita Ditch And Reservoir Company,19871105238,Ditch_WDID_CSV,,1600579
Holita Ditch And Reservoir Company,19871105238,Ditch_WDID_CSV_Flag,x,G1
Howard Ditch Company,19871018151,Ditch_WDID_CSV,,0600580
Howard Ditch Company,19871018151,Ditch_WDID_CSV_Flag,x,G1
Huerfano-Cucharas Irrigation Company,19871109488,Ditch_WDID_CSV,,1400657
Huerfano-Cucharas Irrigation Company,19871109488,Ditch_WDID_CSV_Flag,x,G1
Huerfano-Cucharas Irrigation Company,19871109488,Reservoir_WDID_CSV,,"1403821,1603712"
Huerfano-Cucharas Irrigation Company,19871109488,Reservoir_WDID_CSV_Flag,x,G1
Ide & Starbird Reservoir Company,19871041409,Reservoir_WDID_CSV,,"0504029,0504030"
Ide & Starbird Reservoir Company,19871041409,Reservoir_WDID_CSV_Flag,x,G1
Iliff & Platte Valley Ditch Company,19871006386,Ditch_WDID_CSV,,6400520
Iliff & Platte Valley Ditch Company,19871006386,Ditch_WDID_CSV_Flag,x,G1
Independent Reservoir Company,19871040238,Reservoir_WDID_CSV,,0504066
Independent Reservoir Company,19871040238,Reservoir_WDID_CSV_Flag,x,G1
Island Ditch Company,19971164480,Ditch_WDID_CSV,,0500602
Island Ditch Company,19971164480,Ditch_WDID_CSV_Flag,x,G1
Jackson Ditch Company,19871017028,Ditch_WDID_CSV,,0300912
Jackson Ditch Company,19871017028,Ditch_WDID_CSV_Flag,x,G1
James Ditch Company,19871001049,Ditch_WDID_CSV,,0500539
James Ditch Company,19871001049,Ditch_WDID_CSV_Flag,x,G1
Jaroso Mutual Ditch Company,19871126083,Ditch_WDID_CSV,,2400555
Jaroso Mutual Ditch Company,19871126083,Ditch_WDID_CSV_Flag,x,G1
Jim Eglin Ditch Co,20151842280,Ditch_WDID_CSV,,0400596
Jim Eglin Ditch Co,20151842280,Ditch_WDID_CSV_Flag,x,G1
Johnson And Edwards Ditch Company,19871379505,Ditch_WDID_CSV,,0100526
Johnson And Edwards Ditch Company,19871379505,Ditch_WDID_CSV_Flag,x,G1
Johnson-Wolverton Ditch Company,19871496149,Ditch_WDID_CSV,,"3900599,3900696,3900697"
Johnson-Wolverton Ditch Company,19871496149,Ditch_WDID_CSV_Flag,x,G1
Jones And Donnelly Ditch Company,19871254009,Ditch_WDID_CSV,,0600582
Jones And Donnelly Ditch Company,19871254009,Ditch_WDID_CSV_Flag,x,G1
Joseph W. Bowles Reservoir Company,19871043169,Reservoir_WDID_CSV,,0904281
Joseph W. Bowles Reservoir Company,19871043169,Reservoir_WDID_CSV_Flag,x,G1
Juniata Ditch Company,19871059785,Ditch_WDID_CSV,,"4200528,4200748"
Juniata Ditch Company,19871059785,Ditch_WDID_CSV_Flag,x,G1
Juniata Reservoir Company,19871103140,Reservoir_WDID_CSV,,4203620
Juniata Reservoir Company,19871103140,Reservoir_WDID_CSV_Flag,x,G1
Kalcevic Mutual Reservoir Association,19871085248,Reservoir_WDID_CSV,,0704404
Kalcevic Mutual Reservoir Association,19871085248,Reservoir_WDID_CSV_Flag,x,G1
Kannah Creek Highline Ditch Company,19871046907,Ditch_WDID_CSV,,4200529
Kannah Creek Highline Ditch Company,19871046907,Ditch_WDID_CSV_Flag,x,G1
Kayser Mutual Ditch Company,19871036527,Ditch_WDID_CSV,,5300657
Kayser Mutual Ditch Company,19871036527,Ditch_WDID_CSV_Flag,x,G1
Kershaw Ditch Company,19871040279,Ditch_WDID_CSV,,0700597
Kershaw Ditch Company,19871040279,Ditch_WDID_CSV_Flag,x,G1
Kitchell Reservoir Company,19871081576,Reservoir_WDID_CSV,,0303777
Kitchell Reservoir Company,19871081576,Reservoir_WDID_CSV_Flag,x,G1
La Plata River And Cherry Creek Ditch Company,19871010875,Ditch_WDID_CSV,,3300508
La Plata River And Cherry Creek Ditch Company,19871010875,Ditch_WDID_CSV_Flag,x,G1
Lake Canal Reservoir Company,19871003984,Ditch_WDID_CSV,,"0300922,0301084,0301280,0301281,0301282,0301283,0301297,0301303,0301308,0301339"
Lake Canal Reservoir Company,19871003984,Ditch_WDID_CSV_Flag,x,G1
Lake Canal Reservoir Company,19871003984,Reservoir_WDID_CSV,,"0303748,0303750,0303751,0303806,0303828,0303829,0303830,0303831,0303832,0303833,0303834,0303835,0303836"
Lake Canal Reservoir Company,19871003984,Reservoir_WDID_CSV_Flag,x,G1
Lake Fork Ditch Company,19871001795,Ditch_WDID_CSV,,4002425
Lake Fork Ditch Company,19871001795,Ditch_WDID_CSV_Flag,x,G1
Lake Henry Reservoir Company,19871117874,Reservoir_WDID_CSV,,1403524
Lake Henry Reservoir Company,19871117874,Reservoir_WDID_CSV_Flag,x,G1
Lake Meredith Reservoir Company,19871045112,Reservoir_WDID_CSV,,1703525
Lake Meredith Reservoir Company,19871045112,Reservoir_WDID_CSV_Flag,x,G1
Lamar Canal And Irrigation Company,19871045277,Ditch_WDID_CSV,,6700614
Lamar Canal And Irrigation Company,19871045277,Ditch_WDID_CSV_Flag,x,G1
Lamar Mutual Ditch Company,19871057918,Ditch_WDID_CSV,,4000769
Lamar Mutual Ditch Company,19871057918,Ditch_WDID_CSV_Flag,x,G1
Larimer And Weld Irrigation Company,19871001881,Ditch_WDID_CSV,,"0300919,0301166,0301264,0301304,0301305,0301306,0301307,0301310"
Larimer And Weld Irrigation Company,19871001881,Ditch_WDID_CSV_Flag,x,G1
Las Animas Consolidated Canal Company,,Ditch_WDID_CSV,,1700556
Las Animas Consolidated Canal Company,,Ditch_WDID_CSV_Flag,x,G1
Left Hand Ditch Company,19871010925,Ditch_WDID_CSV,,"0500565,0500568,0500569,0500570,0500571,0500572,0500574,0500575,0500603,0500647,0500648,0500649,0500671,0500672,0500673,0500934,0500968,0501044"
Left Hand Ditch Company,19871010925,Ditch_WDID_CSV_Flag,x,G1
Left Hand Ditch Company,19871010925,Reservoir_WDID_CSV,,"0504012,0504015,0504076,0504077,0504488"
Left Hand Ditch Company,19871010925,Reservoir_WDID_CSV_Flag,x,G1
Leggett Ditch And Reservoir Company,19871024397,Ditch_WDID_CSV,,0600537
Leggett Ditch And Reservoir Company,19871024397,Ditch_WDID_CSV_Flag,x,G1
Leggett Ditch And Reservoir Company,19871024397,Reservoir_WDID_CSV,,0604180
Leggett Ditch And Reservoir Company,19871024397,Reservoir_WDID_CSV_Flag,x,G1
Lewelling Mccormick Ditch Company,19871107667,Ditch_WDID_CSV,,1900575
Lewelling Mccormick Ditch Company,19871107667,Ditch_WDID_CSV_Flag,x,G1
Leyner-Cottonwood Consolidated Ditch Co.,19871030595,Ditch_WDID_CSV,,0600565
Leyner-Cottonwood Consolidated Ditch Co.,19871030595,Ditch_WDID_CSV_Flag,x,G1
Liddle Ditch Co.,19871273530,Ditch_WDID_CSV,,"6400502,6400624"
Liddle Ditch Co.,19871273530,Ditch_WDID_CSV_Flag,x,G1
Lilylands Canal And Reservoir Company,19871042367,Ditch_WDID_CSV,,6000670
Lilylands Canal And Reservoir Company,19871042367,Ditch_WDID_CSV_Flag,x,G1
Lilylands Canal And Reservoir Company,19871042367,Reservoir_WDID_CSV,,6003510
Lilylands Canal And Reservoir Company,19871042367,Reservoir_WDID_CSV_Flag,x,G1
Lincoln Park Crooked Ditch Company,,Ditch_WDID_CSV,,1200504
Lincoln Park Crooked Ditch Company,,Ditch_WDID_CSV_Flag,x,G1
Lincoln Park Pump Ditch Company,19871011547,Ditch_WDID_CSV,,1200504
Lincoln Park Pump Ditch Company,19871011547,Ditch_WDID_CSV_Flag,x,G1
Lodge Pole Lake Reservoir Co.,19971041072,Reservoir_WDID_CSV,,5903793
Lodge Pole Lake Reservoir Co.,19971041072,Reservoir_WDID_CSV_Flag,x,G1
Lone Cabin Ditch & Reservoir Company,19871041424,Ditch_WDID_CSV,,4001977
Lone Cabin Ditch & Reservoir Company,19871041424,Ditch_WDID_CSV_Flag,x,G1
Lone Cone Ditch And Reservoir Company,19871171554,Ditch_WDID_CSV,,6000672
Lone Cone Ditch And Reservoir Company,19871171554,Ditch_WDID_CSV_Flag,x,G1
Lone Cone Ditch And Reservoir Company,19871171554,Reservoir_WDID_CSV,,6003511
Lone Cone Ditch And Reservoir Company,19871171554,Reservoir_WDID_CSV_Flag,x,G1
Lone Rock Ditch Company,19871224156,Ditch_WDID_CSV,,4000501
Lone Rock Ditch Company,19871224156,Ditch_WDID_CSV_Flag,x,G1
Longmont Supply Ditch Company,19871070430,Ditch_WDID_CSV,,0500545
Longmont Supply Ditch Company,19871070430,Ditch_WDID_CSV_Flag,x,G1
Los Sauces Ditch Company,19871076986,Ditch_WDID_CSV,,2200587
Los Sauces Ditch Company,19871076986,Ditch_WDID_CSV_Flag,x,G1
Loup Reservoir Company,19871038347,Reservoir_WDID_CSV,,0303781
Loup Reservoir Company,19871038347,Reservoir_WDID_CSV_Flag,x,G1
Lower Latham Reservoir Company,19871027097,Ditch_WDID_CSV,,"0200834,0200891"
Lower Latham Reservoir Company,19871027097,Ditch_WDID_CSV_Flag,x,G1
Lower Latham Reservoir Company,19871027097,Reservoir_WDID_CSV,,0203858
Lower Latham Reservoir Company,19871027097,Reservoir_WDID_CSV_Flag,x,G1
Lower Wilson Ditch Association LLC,20141596325,Ditch_WDID_CSV,,3200690
Lower Wilson Ditch Association LLC,20141596325,Ditch_WDID_CSV_Flag,x,G1
Lupton Bottom Ditch Company,19871017126,Ditch_WDID_CSV,,"0200554,0200812"
Lupton Bottom Ditch Company,19871017126,Ditch_WDID_CSV_Flag,x,G1
Manassa Ditch Company,19871005466,Ditch_WDID_CSV,,"2200594,2200915"
Manassa Ditch Company,19871005466,Ditch_WDID_CSV_Flag,x,G1
Manhart Ditch Company,19871087783,Ditch_WDID_CSV,,0700614
Manhart Ditch Company,19871087783,Ditch_WDID_CSV_Flag,x,G1
Marshallville Ditch Co.,19871103264,Ditch_WDID_CSV,,0600585
Marshallville Ditch Co.,19871103264,Ditch_WDID_CSV_Flag,x,G1
McCanne Ditch And Reservoir Company,19871017854,Ditch_WDID_CSV,,0200868
McCanne Ditch And Reservoir Company,19871017854,Ditch_WDID_CSV_Flag,x,G1
McClellan Reservoir Company,19871076092,Reservoir_WDID_CSV,,0303674
McClellan Reservoir Company,19871076092,Reservoir_WDID_CSV_Flag,x,G1
McGinn Ditch Company,19871000557,Ditch_WDID_CSV,,0600586
McGinn Ditch Company,19871000557,Ditch_WDID_CSV_Flag,x,G1
Meadow Ditch Company,19921087253,Ditch_WDID_CSV,,0500521
Meadow Ditch Company,19921087253,Ditch_WDID_CSV_Flag,x,G1
Mesa Mckenna Mutual Ditch Company,19951036036,Ditch_WDID_CSV,,1100675
Mesa Mckenna Mutual Ditch Company,19951036036,Ditch_WDID_CSV_Flag,x,G1
Meses Y Company Ditch Association,20081251556,Ditch_WDID_CSV,,7900958
Meses Y Company Ditch Association,20081251556,Ditch_WDID_CSV_Flag,x,G1
Military Park Reservoir Company,19871010464,Reservoir_WDID_CSV,,4003354
Military Park Reservoir Company,19871010464,Reservoir_WDID_CSV_Flag,x,G1
Minnesota Canal & Reservoir Company,19871036698,Ditch_WDID_CSV,,4001020
Minnesota Canal & Reservoir Company,19871036698,Ditch_WDID_CSV_Flag,x,G1
Model Land & Irrigation Company,19871047243,Reservoir_WDID_CSV,,1903781
Model Land & Irrigation Company,19871047243,Reservoir_WDID_CSV_Flag,x,G1
Monarch Ditch Company,20011214201,Ditch_WDID_CSV,,3800879
Monarch Ditch Company,20011214201,Ditch_WDID_CSV_Flag,x,G1
Montezuma Valley Irrigation Company,19871072724,Ditch_WDID_CSV,,"7100638,7100727"
Montezuma Valley Irrigation Company,19871072724,Ditch_WDID_CSV_Flag,x,G1
Montezuma Valley Irrigation Company,19871072724,Reservoir_WDID_CSV,,"7103602,7103612"
Montezuma Valley Irrigation Company,19871072724,Reservoir_WDID_CSV_Flag,x,G1
Morin Mutual Ditch Company,19871062581,Ditch_WDID_CSV,,"5800783,5800908"
Morin Mutual Ditch Company,19871062581,Ditch_WDID_CSV_Flag,x,G1
Naturita Canal And Reservoir Company,19871011177,Ditch_WDID_CSV,,6000707
Naturita Canal And Reservoir Company,19871011177,Ditch_WDID_CSV_Flag,x,G1
Navajo River Ranch Ditch Company,19971179508,Ditch_WDID_CSV,,"7700513,7700518,7700531,7700550"
Navajo River Ranch Ditch Company,19971179508,Ditch_WDID_CSV_Flag,x,G1
Needham Ditch Company,19871188088,Ditch_WDID_CSV,,3800902
Needham Ditch Company,19871188088,Ditch_WDID_CSV_Flag,x,G1
Nevada Ditch Holding Company,19871061872,Ditch_WDID_CSV,,0801009
Nevada Ditch Holding Company,19871061872,Ditch_WDID_CSV_Flag,x,G1
New Cache La Poudre Irrigating Company,19871026302,Ditch_WDID_CSV,,0300929
New Cache La Poudre Irrigating Company,19871026302,Ditch_WDID_CSV_Flag,x,G1
New Cache La Poudre Irrigating Company,19871026302,Reservoir_WDID_CSV,,0103024
New Cache La Poudre Irrigating Company,19871026302,Reservoir_WDID_CSV_Flag,x,G1
New Mercer Ditch Company,19871001630,Ditch_WDID_CSV,,"0300913,0301088,0301142"
New Mercer Ditch Company,19871001630,Ditch_WDID_CSV_Flag,x,G1
New Multa Trina Ditch Company,19871099322,Ditch_WDID_CSV,,4500704
New Multa Trina Ditch Company,19871099322,Ditch_WDID_CSV_Flag,x,G1
New Salida Ditch Company,19871123063,Ditch_WDID_CSV,,"1100536,1100908"
New Salida Ditch Company,19871123063,Ditch_WDID_CSV_Flag,x,G1
New Sand Creek Lateral Irrigation Company,19871077770,Ditch_WDID_CSV,,"0100818,0200555"
New Sand Creek Lateral Irrigation Company,19871077770,Ditch_WDID_CSV_Flag,x,G1
Niwot Ditch Company,19871042573,Ditch_WDID_CSV,,0500560
Niwot Ditch Company,19871042573,Ditch_WDID_CSV_Flag,x,G1
North Boulder Farmers Ditch Company,19871000558,Ditch_WDID_CSV,,0600543
North Boulder Farmers Ditch Company,19871000558,Ditch_WDID_CSV_Flag,x,G1
North Delta Irrigation Company,19921022547,Ditch_WDID_CSV,,4000891
North Delta Irrigation Company,19921022547,Ditch_WDID_CSV_Flag,x,G1
North Poudre Irrigation Company,19871033067,Ditch_WDID_CSV,,"0300758,0300824,0300825,0300826,0300827,0300828,0300829,0300830,0300831,0300832,0300905,0300927,0300994,0301113"
North Poudre Irrigation Company,19871033067,Ditch_WDID_CSV_Flag,x,G1
North Poudre Irrigation Company,19871033067,Reservoir_WDID_CSV,,"0303665,0303690,0303694,0303695,0303696,0303697,0303698,0303699,0303700,0303701,0303702,0303703,0303704,0303705,0303707,0303708,0303712,0303715,0303716,0303717,0303719,0303764,0303765,0303774"
North Poudre Irrigation Company,19871033067,Reservoir_WDID_CSV_Flag,x,G1
Norvell Ditch Company,20021246086,Ditch_WDID_CSV,,4400724
Norvell Ditch Company,20021246086,Ditch_WDID_CSV_Flag,x,G1
Ogilvy Irrigating and Land Company,19871004001,Ditch_WDID_CSV,,0100671
Ogilvy Irrigating and Land Company,19871004001,Ditch_WDID_CSV_Flag,x,G1
"Orlando Reservoir No. 2 Company, LLC",20051178399,Reservoir_WDID_CSV,,7903709
"Orlando Reservoir No. 2 Company, LLC",20051178399,Reservoir_WDID_CSV_Flag,x,G1
Osborn And Caywood Ditch,19871217888,Ditch_WDID_CSV,,0400600
Osborn And Caywood Ditch,19871217888,Ditch_WDID_CSV_Flag,x,G1
Ouray Ditch Company,19871016197,Ditch_WDID_CSV,,4100549
Ouray Ditch Company,19871016197,Ditch_WDID_CSV_Flag,x,G1
Overland Ditch And Reservoir Company,19871018950,Ditch_WDID_CSV,,"4000944,4001740"
Overland Ditch And Reservoir Company,19871018950,Ditch_WDID_CSV_Flag,x,G1
Overland Ditch And Reservoir Company,19871018950,Reservoir_WDID_CSV,,4003399
Overland Ditch And Reservoir Company,19871018950,Reservoir_WDID_CSV_Flag,x,G1
Owl Creek Reservoir Company,19871664337,Reservoir_WDID_CSV,,0103646
Owl Creek Reservoir Company,19871664337,Reservoir_WDID_CSV_Flag,x,G1
Palisade Irrigation District,,Ditch_WDID_CSV,,7200817
Palisade Irrigation District,,Ditch_WDID_CSV_Flag,x,G1
Paonia Ditch Company,19871075382,Ditch_WDID_CSV,,"4001028,4001189"
Paonia Ditch Company,19871075382,Ditch_WDID_CSV_Flag,x,G1
Patrick/Bennett Reservoir Company,20021212932,Reservoir_WDID_CSV,,0803522
Patrick/Bennett Reservoir Company,20021212932,Reservoir_WDID_CSV_Flag,x,G1
Patterson Cummins Ditch Association,20091345498,Ditch_WDID_CSV,,3800931
Patterson Cummins Ditch Association,20091345498,Ditch_WDID_CSV_Flag,x,G1
Peck Ditch Company,19871083068,Ditch_WDID_CSV,,"0500550,0500806"
Peck Ditch Company,19871083068,Ditch_WDID_CSV_Flag,x,G1
Peery Ditch Company,20151436125,Ditch_WDID_CSV,,"0301050,0301051"
Peery Ditch Company,20151436125,Ditch_WDID_CSV_Flag,x,G1
Pella Ditch Company,19871036987,Ditch_WDID_CSV,,0500551
Pella Ditch Company,19871036987,Ditch_WDID_CSV_Flag,x,G1
Piedra Falls Ditch Company,19871124780,Ditch_WDID_CSV,,7800659
Piedra Falls Ditch Company,19871124780,Ditch_WDID_CSV_Flag,x,G1
Pinon Ditch Company,19871085945,Ditch_WDID_CSV,,"1100553,1100847"
Pinon Ditch Company,19871085945,Ditch_WDID_CSV_Flag,x,G1
Platte Valley Irrigation Company,19871005954,Reservoir_WDID_CSV,,0203890
Platte Valley Irrigation Company,19871005954,Reservoir_WDID_CSV_Flag,x,G1
Redlands Mesa Water Users,,Ditch_WDID_CSV,,4000942
Redlands Mesa Water Users,,Ditch_WDID_CSV_Flag,x,G1
Redlands Water and Power Company,,Ditch_WDID_CSV,,"4200541,7200796,7201376"
Redlands Water and Power Company,,Ditch_WDID_CSV_Flag,x,G1
Redmesa Reservoir And Ditch Company,19871078163,Ditch_WDID_CSV,,"3300547,3300563"
Redmesa Reservoir And Ditch Company,19871078163,Ditch_WDID_CSV_Flag,x,G1
Redmesa Reservoir And Ditch Company,19871078163,Reservoir_WDID_CSV,,3303522
Redmesa Reservoir And Ditch Company,19871078163,Reservoir_WDID_CSV_Flag,x,G1
Relief Ditch Company,19871001109,Ditch_WDID_CSV,,"4000900,4002444"
Relief Ditch Company,19871001109,Ditch_WDID_CSV_Flag,x,G1
Reorganized Farmers' Ditch Company,19871509111,Ditch_WDID_CSV,,0400519
Reorganized Farmers' Ditch Company,19871509111,Ditch_WDID_CSV_Flag,x,G1
Reorganized Farmers' Ditch Company,19871509111,Reservoir_WDID_CSV,,0404167
Reorganized Farmers' Ditch Company,19871509111,Reservoir_WDID_CSV_Flag,x,G1
Reynolds And Cain Ditch Company,19871405238,Ditch_WDID_CSV,,3900659
Reynolds And Cain Ditch Company,19871405238,Ditch_WDID_CSV_Flag,x,G1
Rice Ditch,20081372516,Ditch_WDID_CSV,,4100551
Rice Ditch,20081372516,Ditch_WDID_CSV_Flag,x,G1
Rifle Creek Canon Ditch Company,20091317743,Ditch_WDID_CSV,,3900645
Rifle Creek Canon Ditch Company,20091317743,Ditch_WDID_CSV_Flag,x,G1
Rio Grande And Piedra Valley Ditch Company,19911011652,Ditch_WDID_CSV,,2000811
Rio Grande And Piedra Valley Ditch Company,19911011652,Ditch_WDID_CSV_Flag,x,G1
Rising Sun Ditch Company,20071168425,Ditch_WDID_CSV,,4500743
Rising Sun Ditch Company,20071168425,Ditch_WDID_CSV_Flag,x,G1
Rist And Benson Reservoir Company,19871037166,Reservoir_WDID_CSV,,0404138
Rist And Benson Reservoir Company,19871037166,Reservoir_WDID_CSV_Flag,x,G1
Riverside Ditch And Allen Extension Company,19911034461,Ditch_WDID_CSV,,1101243
Riverside Ditch And Allen Extension Company,19911034461,Ditch_WDID_CSV_Flag,x,G1
Riverside Reservoir And Land Company,19871038709,Reservoir_WDID_CSV,,0103651
Riverside Reservoir And Land Company,19871038709,Reservoir_WDID_CSV_Flag,x,G1
Roberts-Stucker Ditch Association,20071219327,Ditch_WDID_CSV,,4001038
Roberts-Stucker Ditch Association,20071219327,Ditch_WDID_CSV_Flag,x,G1
Robinson Ditch Company,19871291936,Ditch_WDID_CSV,,3800968
Robinson Ditch Company,19871291936,Ditch_WDID_CSV_Flag,x,G1
"Rockford Ditch Association, Inc.",19871133564,Ditch_WDID_CSV,,"3800970,3810531"
"Rockford Ditch Association, Inc.",19871133564,Ditch_WDID_CSV_Flag,x,G1
Root And Ratliff Ditch Company,19871112677,Ditch_WDID_CSV,,3400554
Root And Ratliff Ditch Company,19871112677,Ditch_WDID_CSV_Flag,x,G1
Ross Brothers Ditch Company,19871117914,Ditch_WDID_CSV,,4100554
Ross Brothers Ditch Company,19871117914,Ditch_WDID_CSV_Flag,x,G1
Rural Ditch Company,19871000673,Ditch_WDID_CSV,,"0500637,0600551"
Rural Ditch Company,19871000673,Ditch_WDID_CSV_Flag,x,G1
Ryan Gulch Reservoir Company,19871039882,Reservoir_WDID_CSV,,0404171
Ryan Gulch Reservoir Company,19871039882,Reservoir_WDID_CSV_Flag,x,G1
Sackett Reservoir Company,19871070464,Reservoir_WDID_CSV,,4003357
Sackett Reservoir Company,19871070464,Reservoir_WDID_CSV_Flag,x,G1
Sampson & Frasier Ditch Company,20151211912,Ditch_WDID_CSV,,4100556
Sampson & Frasier Ditch Company,20151211912,Ditch_WDID_CSV_Flag,x,G1
San Luis Peoples Ditch Company,19871192920,Ditch_WDID_CSV,,2400586
San Luis Peoples Ditch Company,19871192920,Ditch_WDID_CSV_Flag,x,G1
Santa Maria Reservoir Company,19871093437,Reservoir_WDID_CSV,,2003558
Santa Maria Reservoir Company,19871093437,Reservoir_WDID_CSV_Flag,x,G1
Schroder Irrigating Ditch Company,19871007326,Ditch_WDID_CSV,,3100523
Schroder Irrigating Ditch Company,19871007326,Ditch_WDID_CSV_Flag,x,G1
Servietta Ditch Company,19871047751,Ditch_WDID_CSV,,2200631
Servietta Ditch Company,19871047751,Ditch_WDID_CSV_Flag,x,G1
Shavano Valley Ditch Company,19901053050,Ditch_WDID_CSV,,4100560
Shavano Valley Ditch Company,19901053050,Ditch_WDID_CSV_Flag,x,G1
Sheaffer Ditch Company,19871408608,Ditch_WDID_CSV,,3800987
Sheaffer Ditch Company,19871408608,Ditch_WDID_CSV_Flag,x,G1
Sheek Ditch Company,20041022232,Ditch_WDID_CSV,,3400552
Sheek Ditch Company,20041022232,Ditch_WDID_CSV_Flag,x,G1
Shelton Mutual Ditch Company,19871079190,Ditch_WDID_CSV,,5700592
Shelton Mutual Ditch Company,19871079190,Ditch_WDID_CSV_Flag,x,G1
"Shippee Ditch Company, Inc.",20071451730,Ditch_WDID_CSV,,3800989
"Shippee Ditch Company, Inc.",20071451730,Ditch_WDID_CSV_Flag,x,G1
Si Johnson Ditch Company,20091619088,Ditch_WDID_CSV,,3800992
Si Johnson Ditch Company,20091619088,Ditch_WDID_CSV_Flag,x,G1
Slate Ditch Company,19871036898,Ditch_WDID_CSV,,0200885
Slate Ditch Company,19871036898,Ditch_WDID_CSV_Flag,x,G1
Smith And Emmons Ditch Company,19871110958,Ditch_WDID_CSV,,0600553
Smith And Emmons Ditch Company,19871110958,Ditch_WDID_CSV_Flag,x,G1
Smith-Mcknight Ditch Company,19871103675,Ditch_WDID_CSV,,4001197
Smith-Mcknight Ditch Company,19871103675,Ditch_WDID_CSV_Flag,x,G1
Snowy Range Reservoir Company,20021273346,Ditch_WDID_CSV,,1600911
Snowy Range Reservoir Company,20021273346,Ditch_WDID_CSV_Flag,x,G1
Snowy Range Reservoir Company,20021273346,Reservoir_WDID_CSV,,"1603315,1603324,1603325"
Snowy Range Reservoir Company,20021273346,Reservoir_WDID_CSV_Flag,x,G1
Soda Creek Ditch Company,20031335117,Ditch_WDID_CSV,,5800868
Soda Creek Ditch Company,20031335117,Ditch_WDID_CSV_Flag,x,G1
South Boulder Canon Ditch Company,19871000554,Ditch_WDID_CSV,,0600593
South Boulder Canon Ditch Company,19871000554,Ditch_WDID_CSV_Flag,x,G1
South Canon Ditch Company,19871002489,Ditch_WDID_CSV,,"1200504,1201005"
South Canon Ditch Company,19871002489,Ditch_WDID_CSV_Flag,x,G1
South Flat Ditch Company,19871477995,Ditch_WDID_CSV,,0500558
South Flat Ditch Company,19871477995,Ditch_WDID_CSV_Flag,x,G1
South Ledge Ditch Company,19871080910,Ditch_WDID_CSV,,0500520
South Ledge Ditch Company,19871080910,Ditch_WDID_CSV_Flag,x,G1
South Reservation Ditch Corporation,19871261262,Ditch_WDID_CSV,,6400503
South Reservation Ditch Corporation,19871261262,Ditch_WDID_CSV_Flag,x,G1
South Side Ditch Company,19871041929,Ditch_WDID_CSV,,0400543
South Side Ditch Company,19871041929,Ditch_WDID_CSV_Flag,x,G1
Stark - Volkman Ditch Company,19871169729,Ditch_WDID_CSV,,"4100566,4100905,4100906"
Stark - Volkman Ditch Company,19871169729,Ditch_WDID_CSV_Flag,x,G1
Sterling Irrigation Company,19871060781,Ditch_WDID_CSV,,"6400526,6400528,6400598"
Sterling Irrigation Company,19871060781,Ditch_WDID_CSV_Flag,x,G1
Stevens And Linder Ditch Company,20141241610,Ditch_WDID_CSV,,4001528
Stevens And Linder Ditch Company,20141241610,Ditch_WDID_CSV_Flag,x,G1
Stransky Lateral Ditch Company,19871104013,Ditch_WDID_CSV,,0900924
Stransky Lateral Ditch Company,19871104013,Ditch_WDID_CSV_Flag,x,G1
"Stremme-Gates Ditch Operations, Inc.",20091230246,Ditch_WDID_CSV,,3700548
"Stremme-Gates Ditch Operations, Inc.",20091230246,Ditch_WDID_CSV_Flag,x,G1
Summit Reservoir And Irrigation Company,19871043485,Reservoir_WDID_CSV,,7103619
Summit Reservoir And Irrigation Company,19871043485,Reservoir_WDID_CSV_Flag,x,G1
Supply Lateral Ditch Company,19871075598,Ditch_WDID_CSV,,0400602
Supply Lateral Ditch Company,19871075598,Ditch_WDID_CSV_Flag,x,G1
Suttle Ditch Company,20091276106,Ditch_WDID_CSV,,5800897
Suttle Ditch Company,20091276106,Ditch_WDID_CSV_Flag,x,G1
Swede Ditch Company,19871076562,Ditch_WDID_CSV,,0500529
Swede Ditch Company,19871076562,Ditch_WDID_CSV_Flag,x,G1
Sweet-Jessup Canal Company,19871035917,Ditch_WDID_CSV,,3801038
Sweet-Jessup Canal Company,19871035917,Ditch_WDID_CSV_Flag,x,G1
Sweet-Jessup Canal Company,19871035917,Reservoir_WDID_CSV,,3803884
Sweet-Jessup Canal Company,19871035917,Reservoir_WDID_CSV_Flag,x,G1
Sylvan Ditch And Reservoir Company,19871054738,Ditch_WDID_CSV,,5100924
Sylvan Ditch And Reservoir Company,19871054738,Ditch_WDID_CSV_Flag,x,G1
Sylvan Ditch And Reservoir Company,19871054738,Reservoir_WDID_CSV,,5103701
Sylvan Ditch And Reservoir Company,19871054738,Reservoir_WDID_CSV_Flag,x,G1
Talley Ditch Company,19871124008,Ditch_WDID_CSV,,3000642
Talley Ditch Company,19871124008,Ditch_WDID_CSV_Flag,x,G1
Tenassee Ditch Associates,20141675714,Ditch_WDID_CSV,,1100551
Tenassee Ditch Associates,20141675714,Ditch_WDID_CSV_Flag,x,G1
Terrace Irrigation Company,19871106361,Ditch_WDID_CSV,,"2002012,2100503,2100601"
Terrace Irrigation Company,19871106361,Ditch_WDID_CSV_Flag,x,G1
Terrace Irrigation Company,19871106361,Reservoir_WDID_CSV,,2103583
Terrace Irrigation Company,19871106361,Reservoir_WDID_CSV_Flag,x,G1
Thompson-Epperson Ditch Company,19871092748,Ditch_WDID_CSV,,3100511
Thompson-Epperson Ditch Company,19871092748,Ditch_WDID_CSV_Flag,x,G1
Tijeras Irrigating Ditch Company,19871919703,Ditch_WDID_CSV,,1900568
Tijeras Irrigating Ditch Company,19871919703,Ditch_WDID_CSV_Flag,x,G1
Tremont Mutual Ditch Company,19871048627,Ditch_WDID_CSV,,0100519
Tremont Mutual Ditch Company,19871048627,Ditch_WDID_CSV_Flag,x,G1
Trial Ditch Company,19871032162,Ditch_WDID_CSV,,4001287
Trial Ditch Company,19871032162,Ditch_WDID_CSV_Flag,x,G1
Tropic Ditch Company,19871015734,Ditch_WDID_CSV,,4001789
Tropic Ditch Company,19871015734,Ditch_WDID_CSV_Flag,x,G1
Upper Baldwin Ditch Company,19871036206,Ditch_WDID_CSV,,0500583
Upper Baldwin Ditch Company,19871036206,Ditch_WDID_CSV_Flag,x,G1
Upper Baldwin Ditch Company,19871036206,Reservoir_WDID_CSV,,0505378
Upper Baldwin Ditch Company,19871036206,Reservoir_WDID_CSV_Flag,x,G1
Upper Harmony Ditch Company,19871045460,Ditch_WDID_CSV,,"6400823,6400824,6400825,6400826,6400827,6400828,6400829,6400830"
Upper Harmony Ditch Company,19871045460,Ditch_WDID_CSV_Flag,x,G1
"Upper Hight Ditch Company, Inc.",20011044787,Ditch_WDID_CSV,,7201233
"Upper Hight Ditch Company, Inc.",20011044787,Ditch_WDID_CSV_Flag,x,G1
Upper Walker Ditch Company,20091275433,Ditch_WDID_CSV,,5700611
Upper Walker Ditch Company,20091275433,Ditch_WDID_CSV_Flag,x,G1
Von Hagen Ditch And Reservoir Co.,19871293138,Ditch_WDID_CSV,,"6800770,6801064"
Von Hagen Ditch And Reservoir Co.,19871293138,Ditch_WDID_CSV_Flag,x,G1
Vouga Reservoir Association,19871129859,Reservoir_WDID_CSV,,2803595
Vouga Reservoir Association,19871129859,Reservoir_WDID_CSV_Flag,x,G1
"W. R. Blower Mutual Ditch Company, Inc.",19871574470,Ditch_WDID_CSV,,0400603
"W. R. Blower Mutual Ditch Company, Inc.",19871574470,Ditch_WDID_CSV_Flag,x,G1
Wadsworth Ditch Company,19871015009,Ditch_WDID_CSV,,"0700694,0700695"
Wadsworth Ditch Company,19871015009,Ditch_WDID_CSV_Flag,x,G1
Walden Reservoir Company,19871126264,Ditch_WDID_CSV,,4700813
Walden Reservoir Company,19871126264,Ditch_WDID_CSV_Flag,x,G1
Walden Reservoir Company,19871126264,Reservoir_WDID_CSV,,4703627
Walden Reservoir Company,19871126264,Reservoir_WDID_CSV_Flag,x,G1
Walker Ditch Company,20061224462,Ditch_WDID_CSV,,5700611
Walker Ditch Company,20061224462,Ditch_WDID_CSV_Flag,x,G1
Walsenburg Ditch Company,19871105239,Ditch_WDID_CSV,,1600636
Walsenburg Ditch Company,19871105239,Ditch_WDID_CSV_Flag,x,G1
Ward Reynolds Ditch Company,19871409610,Ditch_WDID_CSV,,4500810
Ward Reynolds Ditch Company,19871409610,Ditch_WDID_CSV_Flag,x,G1
Ware And Hinds Ditch Association,20101092615,Ditch_WDID_CSV,,3900687
Ware And Hinds Ditch Association,20101092615,Ditch_WDID_CSV_Flag,x,G1
Warrior Ditch Company,19871006958,Ditch_WDID_CSV,,"0900962,0900963"
Warrior Ditch Company,19871006958,Ditch_WDID_CSV_Flag,x,G1
Weber Reservoir Company,19871039627,Reservoir_WDID_CSV,,3403594
Weber Reservoir Company,19871039627,Reservoir_WDID_CSV_Flag,x,G1
Weldon Valley Ditch Company,19871009068,Ditch_WDID_CSV,,0100511
Weldon Valley Ditch Company,19871009068,Ditch_WDID_CSV_Flag,x,G1
Wellington Reservoir Company,19871970994,Ditch_WDID_CSV,,8000962
Wellington Reservoir Company,19871970994,Ditch_WDID_CSV_Flag,x,G1
West Pueblo Ditch And Reservoir Company,19871008572,Ditch_WDID_CSV,,1400535
West Pueblo Ditch And Reservoir Company,19871008572,Ditch_WDID_CSV_Flag,x,G1
Western Mutual Ditch Company,19871049007,Ditch_WDID_CSV,,0200537
Western Mutual Ditch Company,19871049007,Ditch_WDID_CSV_Flag,x,G1
Western Mutual Ditch Company,19871049007,Reservoir_WDID_CSV,,0203005
Western Mutual Ditch Company,19871049007,Reservoir_WDID_CSV_Flag,x,G1
Whitewater Mutual Ditch Company,19871255449,Ditch_WDID_CSV,,5801621
Whitewater Mutual Ditch Company,19871255449,Ditch_WDID_CSV_Flag,x,G1
Whitney Irrigating Ditch Company,19871003685,Ditch_WDID_CSV,,0300930
Whitney Irrigating Ditch Company,19871003685,Ditch_WDID_CSV_Flag,x,G1
Williams And Hamm Ditch Company,19871091035,Ditch_WDID_CSV,,1100876
Williams And Hamm Ditch Company,19871091035,Ditch_WDID_CSV_Flag,x,G1
Windsor Reservoir & Canal Company,19871010673,Reservoir_WDID_CSV,,0303738
Windsor Reservoir & Canal Company,19871010673,Reservoir_WDID_CSV_Flag,x,G1
Wiswall Ditch Company,19871041868,Ditch_WDID_CSV,,0500936
Wiswall Ditch Company,19871041868,Ditch_WDID_CSV_Flag,x,G1
Wolfer Ditch Company,19871058840,Ditch_WDID_CSV,,4700961
Wolfer Ditch Company,19871058840,Ditch_WDID_CSV_Flag,x,G1
Wolff Ditch Company,20101191416,Ditch_WDID_CSV,,"0700705,0700706"
Wolff Ditch Company,20101191416,Ditch_WDID_CSV_Flag,x,G1
Woodchuck Ditch Company,19901061625,Ditch_WDID_CSV,,"5800943,5801091"
Woodchuck Ditch Company,19901061625,Ditch_WDID_CSV_Flag,x,G1
Wood-Perry Ditch Company,19871405641,Ditch_WDID_CSV,,6800781
Wood-Perry Ditch Company,19871405641,Ditch_WDID_CSV_Flag,x,G1
Yeager Subdivision Ii Ditch Corporation,19951129171,Ditch_WDID_CSV,,6201181
Yeager Subdivision Ii Ditch Corporation,19951129171,Ditch_WDID_CSV_Flag,x,G1
Zweck And Turner Ditch Company,20131681303,Ditch_WDID_CSV,,0500601
Zweck And Turner Ditch Company,20131681303,Ditch_WDID_CSV_Flag,x,G1
