entity_id,company_name,wdids,water_source,earliest_year,county,matched_on,citation_url
19871485638,Agricultural Ditch And Reservoir Company,0700502,CLEAR CREEK,1860,JEFFERSON,AGRICULTURAL DITCH AND RESERVOIR,https://dwr.state.co.us/Tools/WaterRights/NetAmounts/2013973
20001102133,Alexis Arbaney Ditch Company,3801121,SNOWMASS CREEK,1897,PITKIN,batch2-promoted-verified,https://dwr.state.co.us/Tools/WaterRights/NetAmounts/1575956
19871131752,"Allen Basin Reservoir Company, Inc.",5800506;5803500,MILL CREEK,1953,ROUTT;RIO BLANCO,batch2-promoted-verified,https://dwr.state.co.us/Tools/WaterRights/NetAmounts/2018327
19951153013,"Alpine Lakes Ditch And Reservoir Company, Inc.",7700504;7700519;7700551;7700552;7700648;7703512;7703696,COYOTE CREEK,1890,ARCHULETA,ALPINE LAKES DITCH AND RESERVOIR,https://dwr.state.co.us/Tools/WaterRights/NetAmounts/1649802
19871100491,Amity Mutual Irrigation Company,1700555;1703605;1703606;1703607;1703608;6700520;6700533;6700575;6700607;6700672,ARKANSAS RIVER,1887,BENT;KIOWA;PROWERS,batch2-promoted-verified,https://dwr.state.co.us/Tools/WaterRights/NetAmounts/1905912
19961125049,Anderson Ditch Company,0600501;0600753,BOULDER CREEK,1860,BOULDER,ANDERSON DITCH,https://dwr.state.co.us/Tools/WaterRights/NetAmounts/1865365
19871233718,"Antonio Lopez Ditch Company, Inc.",1900583,PURGATOIRE RIVER,1861,LAS ANIMAS,ANTONIO LOPEZ DITCH,https://dwr.state.co.us/Tools/WaterRights/NetAmounts/1532794
19871113687,Antonito Ditch Company,2200504,CONEJOS RIVER,1887,CONEJOS,batch2-promoted-verified,https://dwr.state.co.us/Tools/WaterRights/NetAmounts/1544653
20131241429,Arch Ditch Association,2800510;2800684;2801578;2801579,TOMICHI CREEK,1885,SAGUACHE,ARCH DITCH ASSOCIATION,https://dwr.state.co.us/Tools/WaterRights/NetAmounts/1555712
19871178962,Arkansas Groundwater and Reservoir Association,1403593,ARKANSAS RIVER,1887,PUEBLO,batch4-promoted-verified,https://dwr.state.co.us/Tools/WaterRights/NetAmounts/1971845
19881059304,Arlian Ranch Ditch Company,3801514,ROARING FORK RIVER,1982,EAGLE,batch2-promoted-verified,https://dwr.state.co.us/Tools/WaterRights/NetAmounts/1576478
19871052181,B. H. Eaton Ditch Company,0301340,CACHE LA POUDRE RIVER,1911,WELD,B H EATON DITCH,https://dwr.state.co.us/Tools/WaterRights/NetAmounts/1477833
19961143964,"Bagwell Ditch Company, Inc.",2200508;2200949,CONEJOS RIVER,1885,CONEJOS,batch2-promoted-verified,https://dwr.state.co.us/Tools/WaterRights/NetAmounts/1544658
20111251191,Bane And Thomas Ditch Company,3800521;3800522,THOMAS CREEK,1886,PITKIN,batch2-promoted-verified,https://dwr.state.co.us/Tools/WaterRights/NetAmounts/1574866
19891088103,Bar Nothing Ranch Mutual Ditch And Reservoir Company,1400656,HUERFANO RIVER,1863,PUEBLO,BAR NOTHING RANCH MUTUAL DITCH AND RESERVOIR,https://dwr.state.co.us/Tools/WaterRights/NetAmounts/1925597
19871131281,Bear River Reservoir Co.,5803540,BEAR RIVER,1935,GARFIELD,batch4-promoted-verified,https://dwr.state.co.us/Tools/WaterRights/NetAmounts/2009139
19871133718,Beaver Reservoir Company,4003406,EAST FORK MINNESOTA CREEK,1956,GUNNISON,batch4-promoted-verified,https://dwr.state.co.us/Tools/WaterRights/NetAmounts/1589193
19871006928,Bergen Ditch & Reservoir Company,0900535,TURKEY CREEK,1874,JEFFERSON,BERGEN DITCH AND RESERVOIR,https://dwr.state.co.us/Tools/WaterRights/NetAmounts/1511302
19871429905,Bess Girl Ditch Company,7800571,MIDDLE FORK PIEDRA RIVER,1936,HINSDALE,batch1-promoted-verified,https://dwr.state.co.us/Tools/WaterRights/NetAmounts/1650126
19871017330,Bessemer Irrigating Ditch Company,1403527,ARKANSAS RIVER,1891,PUEBLO,BESSEMER IRRIGATING DITCH,https://dwr.state.co.us/Tools/WaterRights/NetAmounts/1525910
19871098930,Big Blue Ditch Company,6200528,BIG BLUE CREEK,1904,GUNNISON,BIG BLUE DITCH,https://dwr.state.co.us/Tools/WaterRights/NetAmounts/1633296
19871016631,Big Creek Reservoir Company,7203904;7203905;7203906;7203907;7203909,BIG CREEK,1893,MESA,batch4-promoted-verified,https://dwr.state.co.us/Tools/WaterRights/NetAmounts/1648439
20121021822,Big Ditch Company,4000670,YOUNGS CREEK,1913,DELTA,batch5-promoted-verified,https://dwr.state.co.us/Tools/WaterRights/NetAmounts/1585435
19871049594,Big Stick Ditch Company,3300554,LA PLATA RIVER,1890,LA PLATA,batch2-promoted-verified,https://dwr.state.co.us/Tools/WaterRights/NetAmounts/1564680
19871000162,Big Thompson And Platte River Ditch Company,0400502,BIG THOMPSON RIVER,1865,WELD,BIG THOMPSON AND PLATTE RIVER DITCH,https://dwr.state.co.us/Tools/WaterRights/NetAmounts/1790824
19871007283,Big Thompson Ditch And Manufacturing Company,0400503,BIG THOMPSON RIVER,1861,LARIMER,batch2-promoted-verified,https://dwr.state.co.us/Tools/WaterRights/NetAmounts/1970086
19871029704,Bijou Irrigation Company,0100507;0103570;0103653,SOUTH PLATTE RIVER,1871,WELD;MORGAN;ARAPAHOE,batch3-promoted-verified,https://dwr.state.co.us/Tools/WaterRights/NetAmounts/1988025
19871006674,Billings Ditch Company,2000546,RIO GRANDE,1874,RIO GRANDE,BILLINGS DITCH,https://dwr.state.co.us/Tools/WaterRights/NetAmounts/1961643
19871471142,Bord Ditch Company,3200512,HARTMAN DRAW,1910,MONTEZUMA,batch2-promoted-verified,https://dwr.state.co.us/Tools/WaterRights/NetAmounts/1563765
19871055908,Boulder And Weld County Ditch Company,0600515;0600946;0600947,BOULDER CREEK,1861,BOULDER;WELD,batch1-promoted-verified,https://dwr.state.co.us/Tools/WaterRights/NetAmounts/1871828
19871107877,"Bowen Ditch Company, Inc.",1100691,CHALK CREEK,1888,CHAFFEE,BOWEN DITCH,https://dwr.state.co.us/Tools/WaterRights/NetAmounts/2037594
19871002688,Box Springs Canal And Reservoir Company,1700586;1703572;1703573;1703574;1703575,HORSE CREEK,1898,CROWLEY,batch5-promoted-verified,https://dwr.state.co.us/Tools/WaterRights/NetAmounts/1530226
19871015703,Bravo Ditch Company,6400522,SOUTH PLATTE RIVER,1893,LOGAN,BRAVO DITCH,https://dwr.state.co.us/Tools/WaterRights/NetAmounts/1636820
19871002441,Brighton Ditch Company,0200810,SOUTH PLATTE RIVER,1860,ADAMS,BRIGHTON DITCH,https://dwr.state.co.us/Tools/WaterRights/NetAmounts/1986930
19871093196,Briscoe Irrigation Company,0103809,OWL CREEK,1906,WELD,BRISCOE IRRIGATION,https://dwr.state.co.us/Tools/WaterRights/NetAmounts/1459188
19871052014,Brown And Baugh Ditch Company,0700528,CLEAR CREEK,1865,JEFFERSON,batch2-promoted-verified,https://dwr.state.co.us/Tools/WaterRights/NetAmounts/1668527
19871073711,Buckhorn Highline Ditch Company,0400574,BUCKHORN CREEK,1883,LARIMER,BUCKHORN HIGHLINE DITCH,https://dwr.state.co.us/Tools/WaterRights/NetAmounts/1482293
19871034325,Bull Creek Reservoir Canal & Power Company,7200718;7203887;7203888;7203889;7203890;7203891;7203892;7203893;7203894,BULL CREEK,1895,MESA,BULL CREEK RESERVOIR,https://dwr.state.co.us/Tools/WaterRights/NetAmounts/1648417
19871060679,Butte Ditch Company,4000754;4000820;4006472,SURFACE CREEK,1881,DELTA,BUTTE DITCH,https://dwr.state.co.us/Tools/WaterRights/NetAmounts/1585599
19871001603,Canon City And Oil Creek Ditch Company,1200509,ARKANSAS RIVER,1864,FREMONT,CANON CITY AND OIL CREEK DITCH,https://dwr.state.co.us/Tools/WaterRights/NetAmounts/1924323
19871001639,Canon City Hydraulic And Irrigating Ditch Company,1200505,ARKANSAS RIVER,1863,FREMONT,batch2-promoted-verified,https://dwr.state.co.us/Tools/WaterRights/NetAmounts/1924314
20081545527,Capulin Ditch Company,2100510,ALAMOSA RIVER,1870,CONEJOS,batch2-promoted-verified,https://dwr.state.co.us/Tools/WaterRights/NetAmounts/1543487
19871108246,Catlin Canal Company,1700552,ARKANSAS RIVER,1875,OTERO,batch5-promoted-verified,https://dwr.state.co.us/Tools/WaterRights/NetAmounts/1926648
19871047724,Chace Lateral Ditch Company,4700550,SHERMAN CREEK,1884,JACKSON,batch2-promoted-verified,https://dwr.state.co.us/Tools/WaterRights/NetAmounts/1607567
19871000942,Chilcott Ditch Company,1000593,FOUNTAIN CREEK,1861,EL PASO,batch2-promoted-verified,https://dwr.state.co.us/Tools/WaterRights/NetAmounts/1950444
19871084674,Chilili Ditch Company,1900590,PURGATOIRE RIVER,1862,LAS ANIMAS,CHILILI DITCH,https://dwr.state.co.us/Tools/WaterRights/NetAmounts/1796108
19871345297,Cimarron Canal And Reservoir Company,6200560,CIMARRON RIVER,1903,GUNNISON,batch2-promoted-verified,https://dwr.state.co.us/Tools/WaterRights/NetAmounts/1633350
19921052130,Clinton Ditch & Reservoir Company,3603575,TENMILE CREEK,1946,SUMMIT,CLINTON DITCH AND RESERVOIR,https://dwr.state.co.us/Tools/WaterRights/NetAmounts/2026417
19871083835,Clover Basin Irrigation Company,0500552;0504072,SAINT VRAIN CREEK,1862,BOULDER,batch2-promoted-verified,https://dwr.state.co.us/Tools/WaterRights/NetAmounts/1485723
19871249515,Colorado Canal Company,1700540,ARKANSAS RIVER,1881,PUEBLO,batch5-promoted-verified,https://dwr.state.co.us/Tools/WaterRights/NetAmounts/1929555
19871390617,Commonwealth Irrigation Company,2000623,RIO GRANDE,1882,RIO GRANDE,COMMONWEALTH IRRIGATION,https://dwr.state.co.us/Tools/WaterRights/NetAmounts/1692276
19871040534,Conejos And San Rafael Ditch Company,2200625,CONEJOS RIVER,1856,CONEJOS,batch3-promoted-verified,https://dwr.state.co.us/Tools/WaterRights/NetAmounts/1544845
19871004185,Consolidated Home Supply Ditch And Reservoir Company,0404136,BIG THOMPSON RIVER,1959,LARIMER,CONSOLIDATED HOME SUPPLY DITCH,https://dwr.state.co.us/Tools/WaterRights/NetAmounts/2005932
19871139402,"Consolidated Reservoir, Inc.",3803722,WEST COULTER CREEK,1898,GARFIELD,batch4-promoted-verified,https://dwr.state.co.us/Tools/WaterRights/NetAmounts/1577537
19871007345,Costilla Ditch Company,2000587,RIO GRANDE,1886,ALAMOSA,COSTILLA DITCH,https://dwr.state.co.us/Tools/WaterRights/NetAmounts/1534025
19871018079,Cottonwood Lakes Reservoir Company,7203923;7203924;7203925;7203926;7203932;7203933;7203934,COTTONWOOD CREEK,1894,MESA,COTTONWOOD LAKES RESERVOIR,https://dwr.state.co.us/Tools/WaterRights/NetAmounts/1648464
19871067605,Crater Reservoir Company,4003463,LEROUX CREEK,1892,DELTA,batch1-promoted-verified,https://dwr.state.co.us/Tools/WaterRights/NetAmounts/1590045
19871007116,Crawford Clipper Ditch Company,4000500;4006022,SMITH FORK,1883,DELTA,batch2-promoted-verified,https://dwr.state.co.us/Tools/WaterRights/NetAmounts/1859841
19871041102,Currant Creek Ditch And Reservoir Company,4000919,LEROUX CREEK,1882,DELTA,batch2-promoted-verified,https://dwr.state.co.us/Tools/WaterRights/NetAmounts/1585962
19871018124,Darlington Ditch Company,4600520,SAWYER ARROYA,1917,ARCHULETA,batch2-promoted-verified,https://dwr.state.co.us/Tools/WaterRights/NetAmounts/1607404
19871001177,Davidson Ditch Company,0600567,SOUTH BOULDER CREEK,1859,BOULDER,DAVIDSON DITCH,https://dwr.state.co.us/Tools/WaterRights/NetAmounts/1696762
19871001089,Deep Creek Reservoir Company,4203606,KANNAH CREEK,1906,MESA,DEEP CREEK RESERVOIR,https://dwr.state.co.us/Tools/WaterRights/NetAmounts/1595675
19871132059,"Deep Cut Irrigating Ditch, Inc.",4400589,YAMPA RIVER,1884,MOFFAT,batch1-promoted-verified,https://dwr.state.co.us/Tools/WaterRights/NetAmounts/1970626
19871963823,Del Rio Irrigating Ditch Company,2200576,CONEJOS RIVER,1857,CONEJOS,batch3-promoted-verified,https://dwr.state.co.us/Tools/WaterRights/NetAmounts/1544757
19871010147,Delta Canal Company,4100517,UNCOMPAHGRE RIVER,1882,DELTA,DELTA CANAL,https://dwr.state.co.us/Tools/WaterRights/NetAmounts/1593594
19871071481,Denio & Taylor Mill Ditch Company,0500548,SAINT VRAIN CREEK,1862,BOULDER,batch3-promoted-verified,https://dwr.state.co.us/Tools/WaterRights/NetAmounts/1484430
20061477924,District 64 Reservoir Company,6404425,SOUTH PLATTE RIVER,1998,SEDGWICK,DISTRICT 64 RESERVOIR,https://dwr.state.co.us/Tools/WaterRights/NetAmounts/1855704
19871020633,Don Quixote Ditch Company,4000874,CUMMINGS GULCH,1924,DELTA,batch2-promoted-verified,https://dwr.state.co.us/Tools/WaterRights/NetAmounts/1585831
19871184098,Dry Creek-Davidson Ditch Company,0600569,SOUTH BOULDER CREEK,1863,BOULDER,DRY CREEK DAVIDSON DITCH,https://dwr.state.co.us/Tools/WaterRights/NetAmounts/1486900
19871071560,Duke Ditch Company,4000646;4000795;4000805;4000811;4000920;4000921;4001089;4001095;4001110;4001181;4001821;4001847,LEROUX CREEK,1886,DELTA;GUNNISON,batch2-promoted-verified,https://dwr.state.co.us/Tools/WaterRights/NetAmounts/1585968
19871034933,Durkee Ditch Company,4000797,CURRANT CREEK,1895,DELTA,DURKEE DITCH,https://dwr.state.co.us/Tools/WaterRights/NetAmounts/1585684
19901069419,Duroux Ditch Company,3800645,HUNTER CREEK,1886,PITKIN,batch2-promoted-verified,https://dwr.state.co.us/Tools/WaterRights/NetAmounts/1575096
19871001450,Eagle Ditch Company,0400592,LITTLE THOMPSON RIVER,1877,LARIMER,EAGLE DITCH,https://dwr.state.co.us/Tools/WaterRights/NetAmounts/1482340
19981086031,Eagle Park Reservoir Company,3703699,EAST FORK EAGLE RIVER,1956,EAGLE,EAGLE PARK RESERVOIR,https://dwr.state.co.us/Tools/WaterRights/NetAmounts/1891929
20171126962,"Eaklor Ditch, Co.",7700524,NAVAJO RIVER,1889,ARCHULETA,batch2-promoted-verified,https://dwr.state.co.us/Tools/WaterRights/NetAmounts/1876347
19871000125,East Boulder Ditch Company,0600575,SOUTH BOULDER CREEK,1860,BOULDER,EAST BOULDER DITCH,https://dwr.state.co.us/Tools/WaterRights/NetAmounts/2042652
20041017890,East Mancos Highline Ditch Company,3400522;3400608,EAST MANCOS RIVER,1886,MONTEZUMA,batch2-promoted-verified,https://dwr.state.co.us/Tools/WaterRights/NetAmounts/1565117
19871099094,El Coda Ditch Company,2200538,RIO SAN ANTONIO,1855,CONEJOS,batch2-promoted-verified,https://dwr.state.co.us/Tools/WaterRights/NetAmounts/1962203
19871063609,Ellington Ditch Company,4001610,LEROUX CREEK,1895,DELTA,batch2-promoted-verified,https://dwr.state.co.us/Tools/WaterRights/NetAmounts/1587216
19871165271,Enterprise Ditch Company,0600576,SOUTH BOULDER CREEK,1859,BOULDER,ENTERPRISE DITCH,https://dwr.state.co.us/Tools/WaterRights/NetAmounts/1696653
19871005487,Ephraim Ditch Company,2200541,CONEJOS RIVER,1881,CONEJOS,batch2-promoted-verified,https://dwr.state.co.us/Tools/WaterRights/NetAmounts/1544710
19871035844,Excelsior Ditch Company,2000627,RIO GRANDE,1875,ALAMOSA,EXCELSIOR DITCH,https://dwr.state.co.us/Tools/WaterRights/NetAmounts/1993678
19871038411,Fairport Reservoir And Ditch Company,0404118,BIG THOMPSON RIVER,1882,LARIMER,batch2-promoted-verified,https://dwr.state.co.us/Tools/WaterRights/NetAmounts/1483198
19871002667,Farmer's Ditch Company,0600525;0600684;0600685,BOULDER CREEK,1862,BOULDER,FARMER S DITCH,https://dwr.state.co.us/Tools/WaterRights/NetAmounts/1831038
19871007142,Farmers High Line Canal And Reservoir Company,0700569,CLEAR CREEK,1860,JEFFERSON,FARMERS HIGHLINE CANAL,https://dwr.state.co.us/Tools/Structures/0700569
19871001377,Farmers Independent Ditch Co,0200824,SOUTH PLATTE RIVER,1865,WELD,FARMERS INDEPENDENT DITCH,https://dwr.state.co.us/Tools/WaterRights/NetAmounts/2000674
19871076236,Feeder Ditch Company,4100524,UNCOMPAHGRE RIVER,1888,DELTA,FEEDER DITCH,https://dwr.state.co.us/Tools/WaterRights/NetAmounts/1593610
19871149110,Feldman Ditch Company,4001131,NORTH FORK GUNNISON RIVER,1900,DELTA,batch2-promoted-verified,https://dwr.state.co.us/Tools/WaterRights/NetAmounts/1586561
19871078997,Fire Mountain Canal And Reservoir Company,4000926;4001133;4003469;4003503,LEROUX CREEK,1882,DELTA;GUNNISON,batch2-promoted-verified,https://dwr.state.co.us/Tools/WaterRights/NetAmounts/2035497
19871060878,Fogg Ditch Company,4000759;4001404,SURFACE CREEK,1885,DELTA,FOGG DITCH,https://dwr.state.co.us/Tools/WaterRights/NetAmounts/1585619
20111251063,Forked Tongue/Holman Ditch Company,4000706,TONGUE CREEK,1886,DELTA,batch1-promoted-verified,https://dwr.state.co.us/Tools/WaterRights/NetAmounts/1660616
19871110642,Forrest Ditch Company,4000691;4000758,SURFACE CREEK,1881,DELTA,FORREST DITCH,https://dwr.state.co.us/Tools/WaterRights/NetAmounts/1585611
20091085502,Fort Bent Ditch Company,6700610,ARKANSAS RIVER,1886,BENT,FORT BENT DITCH,https://dwr.state.co.us/Tools/WaterRights/NetAmounts/1975500
20181880172,Four Mile Ditch Association,2900601,FOURMILE CREEK,1890,ARCHULETA,batch4-promoted-verified,https://dwr.state.co.us/Tools/WaterRights/NetAmounts/1558175
19871006449,Fremont County Irrigating Ditch Company,1200510,ARKANSAS RIVER,1862,FREMONT,batch1-promoted-verified,https://dwr.state.co.us/Tools/WaterRights/NetAmounts/1994894
20091387469,Fremont Pass Ditch Company,3701066;3701067,EAST FORK EAGLE RIVER,1930,EAGLE,FREMONT PASS DITCH,https://dwr.state.co.us/Tools/WaterRights/NetAmounts/1965999
19871027412,Fruit Growers Ditch And Reservoir Company,4003365,ALFALFA RUN,1898,DELTA,batch2-promoted-verified,https://dwr.state.co.us/Tools/WaterRights/NetAmounts/1589123
19871038827,Gard Lateral Ditch Company,4000710,WARD CREEK,1885,DELTA,batch2-promoted-verified,https://dwr.state.co.us/Tools/WaterRights/NetAmounts/1585515
19871061084,Gardeners' Mutual Ditch Company,0200806,SOUTH PLATTE RIVER,1861,ADAMS,batch2-promoted-verified,https://dwr.state.co.us/Tools/WaterRights/NetAmounts/1980338
20231511139,Gardner Park Mutual Reservoir Company,5803511,GARDNER CREEK,1902,ROUTT,batch4-promoted-verified,https://dwr.state.co.us/Tools/WaterRights/NetAmounts/1623992
20081646900,"Gilcrest Reservoir, L.L.C.",0203388,SOUTH PLATTE RIVER,1870,WELD,batch1-promoted-verified,https://dwr.state.co.us/Tools/WaterRights/NetAmounts/2037780
19871053541,Godding Ditch Company,0600527;0600532;0600783,BOULDER CREEK,1861,WELD,GODDING DITCH,https://dwr.state.co.us/Tools/WaterRights/NetAmounts/1486692
19871115861,Goodhue Ditch & Reservoir Company,0600650;0600747,SOUTH BOULDER CREEK,1859,BOULDER,batch2-promoted-verified,https://dwr.state.co.us/Tools/WaterRights/NetAmounts/1696815
19871009876,Graham Ditch Company,0301321,CACHE LA POUDRE RIVER,1901,WELD,GRAHAM DITCH,https://dwr.state.co.us/Tools/WaterRights/NetAmounts/1477813
19871057099,Grand County Irrigated Land Company,5100859;5100941;5101231,STRAWBERRY CREEK,1909,GRAND,GRAND COUNTY IRRIGATED LAND,https://dwr.state.co.us/Tools/WaterRights/NetAmounts/1836588
,Grand Mesa Water Users Association,7203839,MIDDLE LEON CREEK,1898,MESA,GRAND MESA WATER USERS ASSOCIATION,https://dwr.state.co.us/Tools/WaterRights/NetAmounts/1648331
19871064301,Grand River Ditch Company,3900612,COLORADO RIVER,1887,GARFIELD,GRAND RIVER DITCH,https://dwr.state.co.us/Tools/WaterRights/NetAmounts/1958251
19871016509,Grand Valley Irrigation Company,7200645;7200985;7201269;7201654,COLORADO RIVER,1882,MESA,GRAND VALLEY IRRIGATION,https://dwr.state.co.us/Tools/WaterRights/NetAmounts/1646399
,Grand Valley Water Users Association,7200646,COLORADO RIVER,1889,MESA,GRAND VALLEY WATER USERS ASSOCIATION,https://dwr.state.co.us/Tools/WaterRights/NetAmounts/1646404
19871029757,Greeley and Loveland Irrigation Company,0400501;0404135,BIG THOMPSON RIVER,1861,LARIMER;WELD,batch2-promoted-verified,https://dwr.state.co.us/Tools/WaterRights/NetAmounts/2043283
19721238635,Green Ditch Company,0600528,BOULDER CREEK,1862,BOULDER,GREEN DITCH,https://dwr.state.co.us/Tools/WaterRights/NetAmounts/1486695
19871126362,Grimes-Brooks Reservoir Company,5303966,RED DIRT CREEK,1903,ROUTT,batch2-promoted-verified,https://dwr.state.co.us/Tools/WaterRights/NetAmounts/1945773
19871054775,Hairpin Lateral Ditch Company,4100532;4100746,HAIRPIN CREEK,1905,MONTROSE,batch2-promoted-verified,https://dwr.state.co.us/Tools/WaterRights/NetAmounts/1593935
19871111983,Hallenbeck No.2 Reservoir Co.,4203619,KANNAH CREEK,1923,MESA,batch2-promoted-verified,https://dwr.state.co.us/Tools/WaterRights/NetAmounts/2034968
19871001590,Handy Ditch Company,0400521;0404125;0404146;0404166,BIG THOMPSON RIVER,1861,LARIMER;WELD,batch2-promoted-verified,https://dwr.state.co.us/Tools/WaterRights/NetAmounts/1885113
20031142212,Hannah Mutual Ditch Company,7200659,BIG CREEK,1889,MESA,HANNAH MUTUAL DITCH,https://dwr.state.co.us/Tools/WaterRights/NetAmounts/1646443
19871077184,Hardtack Ditch Company,2100537;2100538,LA JARA CREEK,1881,CONEJOS,batch2-promoted-verified,https://dwr.state.co.us/Tools/WaterRights/NetAmounts/1543520
19871045461,Harmony Ditch Company,6400511;6400818;6400819;6400820;6400821;6400822;6400833,SOUTH PLATTE RIVER,1895,LOGAN,HARMONY DITCH,https://dwr.state.co.us/Tools/WaterRights/NetAmounts/1937816
19871024119,Hartland Ditch Company,4000879;4002254,GUNNISON RIVER,1881,DELTA,batch2-promoted-verified,https://dwr.state.co.us/Tools/WaterRights/NetAmounts/1585838
20031218819,Henry Bolen Ditch Company,3400534,MANCOS RIVER,1878,MONTEZUMA,batch2-promoted-verified,https://dwr.state.co.us/Tools/WaterRights/NetAmounts/1565145
19871216402,Hieland Ditch Company,6800604,UNCOMPAHGRE RIVER,1877,OURAY,batch2-promoted-verified,https://dwr.state.co.us/Tools/WaterRights/NetAmounts/1642955
19871000986,Highland Ditch Company,0500526,SAINT VRAIN CREEK,1861,BOULDER,batch3-promoted-verified,https://dwr.state.co.us/Tools/WaterRights/NetAmounts/2014837
19871961221,Hill & Brush Ditch Company,0400522,BIG THOMPSON RIVER,1866,LARIMER,HILL AND BRUSH DITCH,https://dwr.state.co.us/Tools/WaterRights/NetAmounts/1482084
19871113483,Hillsborough Extension Ditch Co.,0400523;0404129,BIG THOMPSON RIVER,1861,LARIMER;WELD,batch2-promoted-verified,https://dwr.state.co.us/Tools/WaterRights/NetAmounts/1482085
19871050852,Hoehne Ditch Company,1900571,PURGATOIRE RIVER,1863,LAS ANIMAS,HOEHNE DITCH,https://dwr.state.co.us/Tools/WaterRights/NetAmounts/1532768
19871105238,Holita Ditch And Reservoir Company,1600579,CUCHARAS RIVER,1910,HUERFANO,batch2-promoted-verified,https://dwr.state.co.us/Tools/WaterRights/NetAmounts/2041838
20081228232,Home Supply Ditch Company Inc.,3810565;3810566,SOPRIS CREEK,2015,PITKIN,batch5-promoted-verified,https://dwr.state.co.us/Tools/WaterRights/NetAmounts/1581712
19871018151,Howard Ditch Company,0600580,SOUTH BOULDER CREEK,1860,BOULDER,HOWARD DITCH,https://dwr.state.co.us/Tools/WaterRights/NetAmounts/1486978
19871109488,Huerfano-Cucharas Irrigation Company,1400657;1403821;1603712,HUERFANO RIVER,1888,PUEBLO;HUERFANO,batch3-promoted-verified,https://dwr.state.co.us/Tools/WaterRights/NetAmounts/1925599
19871041409,Ide & Starbird Reservoir Company,0504029;0504030,SAINT VRAIN CREEK,1885,WELD,batch1-promoted-verified,https://dwr.state.co.us/Tools/WaterRights/NetAmounts/1485592
19871006386,Iliff & Platte Valley Ditch Company,6400520,SOUTH PLATTE RIVER,1883,LOGAN,batch2-promoted-verified,https://dwr.state.co.us/Tools/WaterRights/NetAmounts/1636814
19871040238,Independent Reservoir Company,0504066,SAINT VRAIN CREEK,1862,BOULDER,batch1-promoted-verified,https://dwr.state.co.us/Tools/WaterRights/NetAmounts/1485681
19971164480,Island Ditch Company,0500602,SAINT VRAIN CREEK,1860,BOULDER,ISLAND DITCH,https://dwr.state.co.us/Tools/WaterRights/NetAmounts/1484664
19871017028,Jackson Ditch Company,0300912,CACHE LA POUDRE RIVER,1861,LARIMER,JACKSON DITCH,https://dwr.state.co.us/Tools/WaterRights/NetAmounts/1839581
19871001049,James Ditch Company,0500539,SAINT VRAIN CREEK,1862,BOULDER,JAMES DITCH,https://dwr.state.co.us/Tools/WaterRights/NetAmounts/1484374
19871126083,Jaroso Mutual Ditch Company,2400555,JAROSO CREEK,1890,COSTILLA,batch2-promoted-verified,https://dwr.state.co.us/Tools/WaterRights/NetAmounts/1917047
20151842280,Jim Eglin Ditch Co,0400596,LITTLE THOMPSON RIVER,1869,LARIMER,batch2-promoted-verified,https://dwr.state.co.us/Tools/WaterRights/NetAmounts/1482347
19871379505,Johnson And Edwards Ditch Company,0100526,SOUTH PLATTE RIVER,1872,MORGAN,JOHNSON AND EDWARDS DITCH,https://dwr.state.co.us/Tools/WaterRights/NetAmounts/1458270
19871496149,Johnson-Wolverton Ditch Company,3900599;3900696;3900697,CANYON CREEK,1884,GARFIELD,JOHNSON WOLVERTON DITCH,https://dwr.state.co.us/Tools/WaterRights/NetAmounts/1582448
19871254009,Jones And Donnelly Ditch Company,0600582,SOUTH BOULDER CREEK,1860,BOULDER,JONES AND DONNELLY DITCH,https://dwr.state.co.us/Tools/WaterRights/NetAmounts/1486981
19871043169,Joseph W. Bowles Reservoir Company,0904281,BEAR CREEK,1876,JEFFERSON,batch1-promoted-verified,https://dwr.state.co.us/Tools/WaterRights/NetAmounts/1701005
19871059785,Juniata Ditch Company,4200528;4200748,KANNAH CREEK,1884,MESA,batch2-promoted-verified,https://dwr.state.co.us/Tools/WaterRights/NetAmounts/1595138
19871103140,Juniata Reservoir Company,4203620,NORTH FORK KANNAH CREEK,1911,MESA,batch1-promoted-verified,https://dwr.state.co.us/Tools/WaterRights/NetAmounts/1853158
19871085248,Kalcevic Mutual Reservoir Association,0704404,CLEAR CREEK,1888,ADAMS,batch1-promoted-verified,https://dwr.state.co.us/Tools/WaterRights/NetAmounts/1492131
19871046907,Kannah Creek Highline Ditch Company,4200529,KANNAH CREEK,1884,MESA,batch3-promoted-verified,https://dwr.state.co.us/Tools/WaterRights/NetAmounts/1595144
19871036527,Kayser Mutual Ditch Company,5300657,ROCK CREEK,1902,ROUTT,KAYSER MUTUAL DITCH,https://dwr.state.co.us/Tools/WaterRights/NetAmounts/1615216
19871040279,Kershaw Ditch Company,0700597,CLEAR CREEK,1860,ADAMS,batch2-promoted-verified,https://dwr.state.co.us/Tools/WaterRights/NetAmounts/2013631
19871081576,Kitchell Reservoir Company,0303777,CACHE LA POUDRE RIVER,1901,LARIMER,batch1-promoted-verified,https://dwr.state.co.us/Tools/WaterRights/NetAmounts/1479494
19871010875,La Plata River And Cherry Creek Ditch Company,3300508,LA PLATA RIVER,1882,LA PLATA,batch1-promoted-verified,https://dwr.state.co.us/Tools/WaterRights/NetAmounts/1564597
19901036840,Lake Arrowhead Water Association,0200889;0203360,ASHCROFT DRAW,1895,WELD,batch5-promoted-verified,https://dwr.state.co.us/Tools/WaterRights/NetAmounts/1468831
19871003984,Lake Canal Reservoir Company,0300922;0301084;0301280;0301281;0301282;0301283;0301297;0301303;0301308;0301339;0303748;0303750;0303751;0303806;0303828;0303829;0303830;0303831;0303832;0303833;0303834;0303835;0303836,CACHE LA POUDRE RIVER,1861,LARIMER;WELD,batch2-promoted-verified,https://dwr.state.co.us/Tools/WaterRights/NetAmounts/1477161
19871001795,Lake Fork Ditch Company,4002425,TONGUE CREEK,1886,DELTA,LAKE FORK DITCH,https://dwr.state.co.us/Tools/WaterRights/NetAmounts/1936186
19871117874,Lake Henry Reservoir Company,1403524,ARKANSAS RIVER,1881,CROWLEY,LAKE HENRY RESERVOIR,https://dwr.state.co.us/Tools/WaterRights/NetAmounts/1970522
19871045112,Lake Meredith Reservoir Company,1703525,ARKANSAS RIVER,1881,CROWLEY,LAKE MEREDITH RESERVOIR,https://dwr.state.co.us/Tools/WaterRights/NetAmounts/1929703
19871045277,Lamar Canal And Irrigation Company,6700614,ARKANSAS RIVER,1875,PROWERS,LAMAR CANAL AND IRRIGATION,https://dwr.state.co.us/Tools/WaterRights/NetAmounts/1640288
19871057918,Lamar Mutual Ditch Company,4000769,CEDAR RUN,1894,DELTA,batch2-promoted-verified,https://dwr.state.co.us/Tools/WaterRights/NetAmounts/1585631
19871001881,Larimer And Weld Irrigation Company,0300919;0301166;0301264;0301304;0301305;0301306;0301307;0301310,CACHE LA POUDRE RIVER,1861,LARIMER;WELD,batch1-promoted-verified,https://dwr.state.co.us/Tools/WaterRights/NetAmounts/2023641
,Las Animas Consolidated Canal Company,1700556,ARKANSAS RIVER,1875,BENT,LAS ANIMAS CONSOLIDATED CANAL,https://dwr.state.co.us/Tools/WaterRights/NetAmounts/1902028
19871000693,Last Chance Ditch Company,0500589,SAINT VRAIN CREEK,1872,WELD,batch5-promoted-verified,https://dwr.state.co.us/Tools/WaterRights/NetAmounts/2033373
19871010925,Left Hand Ditch Company,0500565;0500568;0500569;0500570;0500571;0500572;0500574;0500575;0500603;0500647;0500648;0500649;0500671;0500672;0500673;0500934;0500968;0501044;0504012;0504015;0504076;0504077;0504488,LEFT HAND CREEK,1860,BOULDER,LEFT HAND DITCH,https://dwr.state.co.us/Tools/WaterRights/NetAmounts/1861739
19871024397,Leggett Ditch And Reservoir Company,0600537;0604180,BOULDER CREEK,1862,BOULDER,batch2-promoted-verified,https://dwr.state.co.us/Tools/WaterRights/NetAmounts/1488264
19871107667,Lewelling Mccormick Ditch Company,1900575,PURGATOIRE RIVER,1864,LAS ANIMAS,batch2-promoted-verified,https://dwr.state.co.us/Tools/WaterRights/NetAmounts/1796102
19871030595,Leyner-Cottonwood Consolidated Ditch Co.,0600565,SOUTH BOULDER CREEK,1859,BOULDER,batch3-promoted-verified,https://dwr.state.co.us/Tools/WaterRights/NetAmounts/1952119
19871273530,Liddle Ditch Co.,6400502;6400624,SOUTH PLATTE RIVER,1890,SEDGWICK,LIDDLE DITCH,https://dwr.state.co.us/Tools/WaterRights/NetAmounts/1904879
19871042367,Lilylands Canal And Reservoir Company,6000670;6003510,WEST NATURITA CREEK,1885,SAN MIGUEL,batch2-promoted-verified,https://dwr.state.co.us/Tools/WaterRights/NetAmounts/1629085
,Lincoln Park Crooked Ditch Company,1200504,ARKANSAS RIVER,1862,FREMONT,LINCOLN PARK CROOKED DITCH,https://dwr.state.co.us/Tools/WaterRights/NetAmounts/1924307
19871011547,Lincoln Park Pump Ditch Company,1200504,ARKANSAS RIVER,1862,FREMONT,LINCOLN PARK PUMP DITCH,https://dwr.state.co.us/Tools/WaterRights/NetAmounts/1924307
20221692052,"Little Ditch 1, LLC",3815165;3815166;3815169;3815192,LITTLE WOODY CREEK,2012,PITKIN,batch4-promoted-verified,https://dwr.state.co.us/Tools/WaterRights/NetAmounts/1970802
20221692098,"Little Ditch 2, LLC",3815165;3815166;3815169;3815192,LITTLE WOODY CREEK,2012,PITKIN,batch4-promoted-verified,https://dwr.state.co.us/Tools/WaterRights/NetAmounts/1970802
19971041072,Lodge Pole Lake Reservoir Co.,5903793,SLATE RIVER,1985,GUNNISON,LODGE POLE LAKE RESERVOIR,https://dwr.state.co.us/Tools/WaterRights/NetAmounts/1787974
19871041424,Lone Cabin Ditch & Reservoir Company,4001977,SOUTH FORK MINNESOTA CREEK,1957,GUNNISON,LONE CABIN DITCH AND RESERVOIR,https://dwr.state.co.us/Tools/WaterRights/NetAmounts/1587635
19871171554,Lone Cone Ditch And Reservoir Company,6000672;6003511,NATURITA CREEK,1888,SAN MIGUEL,batch2-promoted-verified,https://dwr.state.co.us/Tools/WaterRights/NetAmounts/1865200
19871224156,Lone Rock Ditch Company,4000501,SMITH FORK,1887,DELTA,LONE ROCK DITCH,https://dwr.state.co.us/Tools/WaterRights/NetAmounts/1890109
19871070430,Longmont Supply Ditch Company,0500545,SAINT VRAIN CREEK,1862,BOULDER,LONGMONT SUPPLY DITCH,https://dwr.state.co.us/Tools/WaterRights/NetAmounts/1484394
19871076986,Los Sauces Ditch Company,2200587,CONEJOS RIVER,1867,CONEJOS,batch2-promoted-verified,https://dwr.state.co.us/Tools/WaterRights/NetAmounts/1544773
19871038347,Loup Reservoir Company,0303781,BLACK HOLLOW CREEK,1902,WELD,batch1-promoted-verified,https://dwr.state.co.us/Tools/WaterRights/NetAmounts/1479521
19871027097,Lower Latham Reservoir Company,0200834;0200891;0203858,SOUTH PLATTE RIVER,1869,WELD,LOWER LATHAM RESERVOIR,https://dwr.state.co.us/Tools/WaterRights/NetAmounts/2008912
20141596325,Lower Wilson Ditch Association LLC,3200690,HARTMAN DRAW,1868,MONTEZUMA,LOWER WILSON DITCH ASSOCIATION,https://dwr.state.co.us/Tools/WaterRights/NetAmounts/2017165
19871017126,Lupton Bottom Ditch Company,0200554;0200812,SOUTH PLATTE RIVER,1863,WELD,LUPTON BOTTOM DITCH,https://dwr.state.co.us/Tools/WaterRights/NetAmounts/2037711
19871005466,Manassa Ditch Company,2200594;2200915,CONEJOS RIVER,1923,CONEJOS,MANASSA DITCH,https://dwr.state.co.us/Tools/WaterRights/NetAmounts/1544798
19871087783,Manhart Ditch Company,0700614,RALSTON CREEK,1860,JEFFERSON,batch2-promoted-verified,https://dwr.state.co.us/Tools/WaterRights/NetAmounts/1940632
19871103264,Marshallville Ditch Co.,0600585,SOUTH BOULDER CREEK,1865,BOULDER,batch2-promoted-verified,https://dwr.state.co.us/Tools/WaterRights/NetAmounts/1486989
19871017854,McCanne Ditch And Reservoir Company,0200868,SOUTH PLATTE RIVER,1892,ADAMS,batch2-promoted-verified,https://dwr.state.co.us/Tools/WaterRights/NetAmounts/1468782
19871076092,McClellan Reservoir Company,0303674,CACHE LA POUDRE RIVER,1902,WELD,batch1-promoted-verified,https://dwr.state.co.us/Tools/WaterRights/NetAmounts/1478715
19871000557,McGinn Ditch Company,0600586,SOUTH BOULDER CREEK,1860,BOULDER,batch2-promoted-verified,https://dwr.state.co.us/Tools/WaterRights/NetAmounts/1486992
19921087253,Meadow Ditch Company,0500521,SOUTH SAINT VRAIN CREEK,1862,BOULDER,MEADOW DITCH,https://dwr.state.co.us/Tools/WaterRights/NetAmounts/1788293
19951036036,Mesa Mckenna Mutual Ditch Company,1100675,NORTH COTTONWOOD CREEK,1879,CHAFFEE,batch3-promoted-verified,https://dwr.state.co.us/Tools/WaterRights/NetAmounts/1518815
20081251556,Meses Y Company Ditch Association,7900958,PALO DURO CREEK,1874,HUERFANO,batch2-promoted-verified,https://dwr.state.co.us/Tools/WaterRights/NetAmounts/1851044
19871010464,Military Park Reservoir Company,4003354,WEST FORK BONITA SURFACE CREEK,1895,DELTA,batch2-promoted-verified,https://dwr.state.co.us/Tools/WaterRights/NetAmounts/1589104
19871036698,Minnesota Canal & Reservoir Company,4001020,MINNESOTA CREEK,1883,DELTA,MINNESOTA CANAL AND RESERVOIR,https://dwr.state.co.us/Tools/WaterRights/NetAmounts/1698031
19871047243,Model Land & Irrigation Company,1903781,PURGATOIRE RIVER,1888,LAS ANIMAS,MODEL LAND AND IRRIGATION,https://dwr.state.co.us/Tools/WaterRights/NetAmounts/1533472
20011214201,Monarch Ditch Company,3800879,CATTLE CREEK,1885,EAGLE,MONARCH DITCH,https://dwr.state.co.us/Tools/WaterRights/NetAmounts/1575502
19871072724,Montezuma Valley Irrigation Company,7100638;7100727;7103602;7103612,"DOLORES RIVER (Narraguinnep, earliest-dated structure)",1885,DOLORES;MONTEZUMA,batch1-promoted-verified,https://dwr.state.co.us/Tools/WaterRights/NetAmounts/1995118
19871062581,Morin Mutual Ditch Company,5800783;5800908,ELK RIVER,1888,ROUTT,batch2-promoted-verified,https://dwr.state.co.us/Tools/WaterRights/NetAmounts/1621353
19871011177,Naturita Canal And Reservoir Company,6000707,BEAVER CREEK,1884,SAN MIGUEL,batch3-promoted-verified,https://dwr.state.co.us/Tools/WaterRights/NetAmounts/1629159
19971179508,Navajo River Ranch Ditch Company,7700513;7700518;7700531;7700550,NAVAJO RIVER,1890,ARCHULETA,NAVAJO RIVER RANCH DITCH,https://dwr.state.co.us/Tools/WaterRights/NetAmounts/1649801
19871188088,Needham Ditch Company,3800902,CATTLE CREEK,1884,EAGLE,NEEDHAM DITCH,https://dwr.state.co.us/Tools/WaterRights/NetAmounts/1575550
19871061872,Nevada Ditch Holding Company,0801009,SOUTH PLATTE RIVER,1861,JEFFERSON,batch1-promoted-verified,https://dwr.state.co.us/Tools/WaterRights/NetAmounts/2009932
19871026302,New Cache La Poudre Irrigating Company,0103024;0300929,CACHE LA POUDRE RIVER,1862,WELD;LARIMER,batch2-promoted-verified,https://dwr.state.co.us/Tools/WaterRights/NetAmounts/2042844
19871001630,New Mercer Ditch Company,0300913;0301088;0301142,CACHE LA POUDRE RIVER,1861,LARIMER,NEW MERCER DITCH,https://dwr.state.co.us/Tools/WaterRights/NetAmounts/1839597
19871099322,New Multa Trina Ditch Company,4500704,WEST DIVIDE CREEK,1906,GARFIELD,batch3-promoted-verified,https://dwr.state.co.us/Tools/WaterRights/NetAmounts/1605584
19871123063,New Salida Ditch Company,1100536;1100908,ARKANSAS RIVER,1882,CHAFFEE,batch2-promoted-verified,https://dwr.state.co.us/Tools/WaterRights/NetAmounts/1518566
19871077770,New Sand Creek Lateral Irrigation Company,0100818;0200555,SAND CREEK,1893,WELD,NEW SAND CREEK LATERAL IRRIGATION,https://dwr.state.co.us/Tools/WaterRights/NetAmounts/1458597
19871042573,Niwot Ditch Company,0500560,SAINT VRAIN CREEK,1861,BOULDER,NIWOT DITCH,https://dwr.state.co.us/Tools/WaterRights/NetAmounts/1484482
19871000558,North Boulder Farmers Ditch Company,0600543,BOULDER CREEK,1862,BOULDER,NORTH BOULDER FARMERS DITCH,https://dwr.state.co.us/Tools/WaterRights/NetAmounts/1486751
19921022547,North Delta Irrigation Company,4000891,GUNNISON RIVER,1898,DELTA,batch1-promoted-verified,https://dwr.state.co.us/Tools/WaterRights/NetAmounts/1585857
19871033067,North Poudre Irrigation Company,0300758;0300824;0300825;0300826;0300827;0300828;0300829;0300830;0300831;0300832;0300905;0300927;0300994;0301113;0303665;0303690;0303694;0303695;0303696;0303697;0303698;0303699;0303700;0303701;0303702;0303703;0303704;0303705;0303707;0303708;0303712;0303715;0303716;0303717;0303719;0303764;0303765;0303774,CACHE LA POUDRE RIVER,1861,LARIMER,NORTH POUDRE IRRIGATION,https://dwr.state.co.us/Tools/WaterRights/NetAmounts/1988426
20021246086,Norvell Ditch Company,4400724,ELKHEAD CREEK,1885,MOFFAT,batch2-promoted-verified,https://dwr.state.co.us/Tools/WaterRights/NetAmounts/1788366
19871004001,Ogilvy Irrigating and Land Company,0100671,LONE TREE CREEK,1881,WELD,OGILVY IRRIGATING AND LAND,https://dwr.state.co.us/Tools/WaterRights/NetAmounts/1458443
20051178399,"Orlando Reservoir No. 2 Company, LLC",7903709,HUERFANO RIVER,1905,HUERFANO,batch2-promoted-verified,https://dwr.state.co.us/Tools/WaterRights/NetAmounts/1651485
19871217888,Osborn And Caywood Ditch,0400600,LITTLE THOMPSON RIVER,1861,LARIMER,OSBORN AND CAYWOOD DITCH,https://dwr.state.co.us/Tools/WaterRights/NetAmounts/1482355
19871126730,Otero Ditch Co.,1700557,ARKANSAS RIVER,1890,OTERO,batch4-promoted-verified,https://dwr.state.co.us/Tools/WaterRights/NetAmounts/1529872
19871016197,Ouray Ditch Company,4100549,UNCOMPAHGRE RIVER,1877,MONTROSE,OURAY DITCH,https://dwr.state.co.us/Tools/WaterRights/NetAmounts/1922778
19871018950,Overland Ditch And Reservoir Company,4000944;4001740;4003399,LEROUX CREEK,1882,DELTA,OVERLAND DITCH AND RESERVOIR,https://dwr.state.co.us/Tools/WaterRights/NetAmounts/1666583
19871664337,Owl Creek Reservoir Company,0103646,OWL CREEK,1891,WELD,OWL CREEK RESERVOIR,https://dwr.state.co.us/Tools/WaterRights/NetAmounts/1459156
19871075382,Paonia Ditch Company,4001028;4001189,NORTH FORK GUNNISON RIVER,1883,DELTA,batch2-promoted-verified,https://dwr.state.co.us/Tools/WaterRights/NetAmounts/1831273
20021212932,Patrick/Bennett Reservoir Company,0803522,SOUTH PLATTE RIVER,1892,ARAPAHOE,batch2-promoted-verified,https://dwr.state.co.us/Tools/WaterRights/NetAmounts/1495489
20091345498,Patterson Cummins Ditch Association,3800931,ROARING FORK RIVER,1893,EAGLE,batch2-promoted-verified,https://dwr.state.co.us/Tools/WaterRights/NetAmounts/1855737
19871083068,Peck Ditch Company,0500550;0500806,SAINT VRAIN CREEK,1867,BOULDER,PECK DITCH,https://dwr.state.co.us/Tools/WaterRights/NetAmounts/1484449
20151436125,Peery Ditch Company,0301050;0301051,SOUTH LONE PINE CREEK,1887,LARIMER,batch2-promoted-verified,https://dwr.state.co.us/Tools/WaterRights/NetAmounts/1477533
19871036987,Pella Ditch Company,0500551,SAINT VRAIN CREEK,1862,BOULDER,PELLA DITCH,https://dwr.state.co.us/Tools/WaterRights/NetAmounts/1484451
19871124780,Piedra Falls Ditch Company,7800659,PAGOSA CREEK,1939,HINSDALE,PIEDRA FALLS DITCH,https://dwr.state.co.us/Tools/WaterRights/NetAmounts/1650226
19871085945,Pinon Ditch Company,1100553;1100847,SOUTH ARKANSAS RIVER,1867,CHAFFEE,batch2-promoted-verified,https://dwr.state.co.us/Tools/WaterRights/NetAmounts/1518596
19871005954,Platte Valley Irrigation Company,0203890,LITTLE DRY CREEK,1910,WELD,PLATTE VALLEY IRRIGATION,https://dwr.state.co.us/Tools/WaterRights/NetAmounts/1469630
,Redlands Mesa Water Users,4000942,LEROUX CREEK,1882,DELTA,REDLANDS MESA WATER USERS,https://dwr.state.co.us/Tools/WaterRights/NetAmounts/1586198
,Redlands Water and Power Company,4200541;7200796;7201376,GUNNISON RIVER,1905,MESA,REDLANDS WATER AND POWER,https://dwr.state.co.us/Tools/WaterRights/NetAmounts/1595175
19871078163,Redmesa Reservoir And Ditch Company,3300547;3300563;3303522,LA PLATA RIVER,1904,LA PLATA,REDMESA RESERVOIR AND DITCH,https://dwr.state.co.us/Tools/WaterRights/NetAmounts/1979181
19871001109,Relief Ditch Company,4000900;4002444,GUNNISON RIVER,1890,DELTA,batch2-promoted-verified,https://dwr.state.co.us/Tools/WaterRights/NetAmounts/1585870
19871509111,Reorganized Farmers' Ditch Company,0400519;0404167,BIG THOMPSON RIVER,1861,LARIMER,REORGANIZED FARMERS DITCH,https://dwr.state.co.us/Tools/WaterRights/NetAmounts/1970165
19871405238,Reynolds And Cain Ditch Company,3900659,MITCHELL CREEK,1883,GARFIELD,batch2-promoted-verified,https://dwr.state.co.us/Tools/WaterRights/NetAmounts/1660870
20081372516,Rice Ditch,4100551,UNCOMPAHGRE RIVER,1882,MONTROSE,RICE DITCH,https://dwr.state.co.us/Tools/WaterRights/NetAmounts/1593684
20091317743,Rifle Creek Canon Ditch Company,3900645,RIFLE CREEK,1882,GARFIELD,RIFLE CREEK CANON DITCH,https://dwr.state.co.us/Tools/WaterRights/NetAmounts/1582323
19911011652,Rio Grande And Piedra Valley Ditch Company,2000811,RIO GRANDE,1877,RIO GRANDE,batch1-promoted-verified,https://dwr.state.co.us/Tools/WaterRights/NetAmounts/1534465
20071168425,Rising Sun Ditch Company,4500743,COLORADO RIVER,1883,GARFIELD,batch2-promoted-verified,https://dwr.state.co.us/Tools/WaterRights/NetAmounts/1605666
19871037166,Rist And Benson Reservoir Company,0404138,BIG THOMPSON RIVER,1903,LARIMER,batch3-promoted-verified,https://dwr.state.co.us/Tools/WaterRights/NetAmounts/1483222
19911034461,Riverside Ditch And Allen Extension Company,1101243,THREE ELK CREEK,1965,CHAFFEE,RIVERSIDE DITCH AND ALLEN EXTENSION,https://dwr.state.co.us/Tools/WaterRights/NetAmounts/1519410
19871038709,Riverside Reservoir And Land Company,0103651,SOUTH PLATTE RIVER,1902,WELD,batch1-promoted-verified,https://dwr.state.co.us/Tools/WaterRights/NetAmounts/1459163
20071219327,Roberts-Stucker Ditch Association,4001038,ROATCAP CREEK,1896,DELTA,batch2-promoted-verified,https://dwr.state.co.us/Tools/WaterRights/NetAmounts/2015924
19871291936,Robinson Ditch Company,3800968,ROARING FORK RIVER,1882,EAGLE,ROBINSON DITCH,https://dwr.state.co.us/Tools/WaterRights/NetAmounts/1850680
19871133564,"Rockford Ditch Association, Inc.",3800970;3810531,CRYSTAL RIVER,1883,GARFIELD,batch2-promoted-verified,https://dwr.state.co.us/Tools/WaterRights/NetAmounts/1575682
19871112677,Root And Ratliff Ditch Company,3400554,MANCOS RIVER,1875,MONTEZUMA,batch2-promoted-verified,https://dwr.state.co.us/Tools/WaterRights/NetAmounts/1942084
19871117914,Ross Brothers Ditch Company,4100554,SPRING CREEK,1882,MONTROSE,ROSS BROTHERS DITCH,https://dwr.state.co.us/Tools/WaterRights/NetAmounts/1593689
19871000673,Rural Ditch Company,0500637;0600551,BOULDER CREEK,1862,WELD,RURAL DITCH,https://dwr.state.co.us/Tools/WaterRights/NetAmounts/2033379
19871039882,Ryan Gulch Reservoir Company,0404171,RYAN GULCH,1904,LARIMER,RYAN GULCH RESERVOIR,https://dwr.state.co.us/Tools/WaterRights/NetAmounts/1483261
19871070464,Sackett Reservoir Company,4003357,BONITA CREEK,1894,DELTA,batch1-promoted-verified,https://dwr.state.co.us/Tools/WaterRights/NetAmounts/1589111
20031345615,Saddle Mountain Mutual Water Company,1200827,HAY CREEK,1880,TELLER,batch5-promoted-verified,https://dwr.state.co.us/Tools/WaterRights/NetAmounts/1947416
19871119101,Salvation Ditch Company,3800981;3801661,ROARING FORK RIVER,1902,PITKIN,batch4-promoted-verified,https://dwr.state.co.us/Tools/WaterRights/NetAmounts/2038547
20151211912,Sampson & Frasier Ditch Company,4100556,HAPPY CANYON CREEK,1882,MONTROSE,batch2-promoted-verified,https://dwr.state.co.us/Tools/WaterRights/NetAmounts/1968131
19871192920,San Luis Peoples Ditch Company,2400586,CULEBRA CREEK,1852,COSTILLA,batch2-promoted-verified,https://dwr.state.co.us/Tools/WaterRights/NetAmounts/1799991
19871093437,Santa Maria Reservoir Company,2003558,NORTH CLEAR CREEK,1889,MINERAL,batch2-promoted-verified,https://dwr.state.co.us/Tools/WaterRights/NetAmounts/2026847
19871007326,Schroder Irrigating Ditch Company,3100523,LOS PINOS RIVER,1881,LA PLATA,batch2-promoted-verified,https://dwr.state.co.us/Tools/WaterRights/NetAmounts/1933010
19871047751,Servietta Ditch Company,2200631,CONEJOS RIVER,1856,CONEJOS,batch2-promoted-verified,https://dwr.state.co.us/Tools/WaterRights/NetAmounts/1544855
19901053050,Shavano Valley Ditch Company,4100560,SPRING CREEK,1884,MONTROSE,batch2-promoted-verified,https://dwr.state.co.us/Tools/WaterRights/NetAmounts/1593708
19871408608,Sheaffer Ditch Company,3800987,CATTLE CREEK,1885,GARFIELD,batch2-promoted-verified,https://dwr.state.co.us/Tools/WaterRights/NetAmounts/1575709
20041022232,Sheek Ditch Company,3400552,MANCOS RIVER,1877,MONTEZUMA,SHEEK DITCH,https://dwr.state.co.us/Tools/WaterRights/NetAmounts/1565196
19871079190,Shelton Mutual Ditch Company,5700592,YAMPA RIVER,1883,ROUTT,batch2-promoted-verified,https://dwr.state.co.us/Tools/WaterRights/NetAmounts/1619421
20071451730,"Shippee Ditch Company, Inc.",3800989,SOPRIS CREEK,1882,PITKIN,batch2-promoted-verified,https://dwr.state.co.us/Tools/WaterRights/NetAmounts/1575714
20091619088,Si Johnson Ditch Company,3800992,CASTLE CREEK,1926,PITKIN,batch2-promoted-verified,https://dwr.state.co.us/Tools/WaterRights/NetAmounts/1575725
19871036898,Slate Ditch Company,0200885,LITTLE DRY CREEK,1893,WELD,SLATE DITCH,https://dwr.state.co.us/Tools/WaterRights/NetAmounts/1795815
19871110958,Smith And Emmons Ditch Company,0600553,BOULDER CREEK,1863,WELD,SMITH AND EMMONS DITCH,https://dwr.state.co.us/Tools/WaterRights/NetAmounts/1486779
19871103675,Smith-Mcknight Ditch Company,4001197,NORTH FORK GUNNISON RIVER,1896,DELTA,batch2-promoted-verified,https://dwr.state.co.us/Tools/WaterRights/NetAmounts/1586691
20021273346,Snowy Range Reservoir Company,1600911;1603315;1603324;1603325,CUCHARAS RIVER,1868,HUERFANO,SNOWY RANGE RESERVOIR,https://dwr.state.co.us/Tools/WaterRights/NetAmounts/1808799
20031335117,Soda Creek Ditch Company,5800868,SODA CREEK,1887,ROUTT,SODA CREEK DITCH,https://dwr.state.co.us/Tools/WaterRights/NetAmounts/1621507
19871000554,South Boulder Canon Ditch Company,0600593,SOUTH BOULDER CREEK,1859,BOULDER,SOUTH BOULDER CANON DITCH,https://dwr.state.co.us/Tools/WaterRights/NetAmounts/1487034
19871002489,South Canon Ditch Company,1200504;1201005,ARKANSAS RIVER,1862,FREMONT,SOUTH CANON DITCH,https://dwr.state.co.us/Tools/WaterRights/NetAmounts/1924307
19871477995,South Flat Ditch Company,0500558,SAINT VRAIN CREEK,1863,BOULDER,SOUTH FLAT DITCH,https://dwr.state.co.us/Tools/WaterRights/NetAmounts/1484479
19871080910,South Ledge Ditch Company,0500520,SOUTH SAINT VRAIN CREEK,1861,BOULDER,SOUTH LEDGE DITCH,https://dwr.state.co.us/Tools/WaterRights/NetAmounts/1484035
19871261262,South Reservation Ditch Corporation,6400503,SOUTH PLATTE RIVER,1892,SEDGWICK,SOUTH RESERVATION DITCH,https://dwr.state.co.us/Tools/WaterRights/NetAmounts/1937880
19871041929,South Side Ditch Company,0400543,BIG THOMPSON RIVER,1861,LARIMER,SOUTH SIDE DITCH,https://dwr.state.co.us/Tools/WaterRights/NetAmounts/1970345
19871169729,Stark - Volkman Ditch Company,4100566;4100905;4100906,UNCOMPAHGRE RIVER,1882,MONTROSE,batch2-promoted-verified,https://dwr.state.co.us/Tools/WaterRights/NetAmounts/1760091
19871060781,Sterling Irrigation Company,6400526;6400528;6400598,SOUTH PLATTE RIVER,1873,LOGAN,STERLING IRRIGATION,https://dwr.state.co.us/Tools/WaterRights/NetAmounts/1661726
20141241610,Stevens And Linder Ditch Company,4001528,HAPPY HOLLOW CREEK,1948,DELTA,batch2-promoted-verified,https://dwr.state.co.us/Tools/WaterRights/NetAmounts/1587126
19871104013,Stransky Lateral Ditch Company,0900924,GREEN CREEK,1883,CLEAR CREEK,batch2-promoted-verified,https://dwr.state.co.us/Tools/WaterRights/NetAmounts/1511782
20091230246,"Stremme-Gates Ditch Operations, Inc.",3700548,EAGLE RIVER,1886,EAGLE,batch1-promoted-verified,https://dwr.state.co.us/Tools/WaterRights/NetAmounts/1893882
19871043485,Summit Reservoir And Irrigation Company,7103619,LOST CANYON CREEK,1905,MONTEZUMA,batch3-promoted-verified,https://dwr.state.co.us/Tools/WaterRights/NetAmounts/1645983
19871075598,Supply Lateral Ditch Company,0400602,LITTLE THOMPSON RIVER,1867,BOULDER,SUPPLY LATERAL DITCH,https://dwr.state.co.us/Tools/WaterRights/NetAmounts/1482359
20091276106,Suttle Ditch Company,5800897,YAMPA RIVER,1888,ROUTT,SUTTLE DITCH,https://dwr.state.co.us/Tools/WaterRights/NetAmounts/1847286
19871076562,Swede Ditch Company,0500529,SAINT VRAIN CREEK,1861,BOULDER,SWEDE DITCH,https://dwr.state.co.us/Tools/WaterRights/NetAmounts/1484308
19871035917,Sweet-Jessup Canal Company,3801038;3803884,CRYSTAL RIVER,1902,PITKIN,batch1-promoted-verified,https://dwr.state.co.us/Tools/WaterRights/NetAmounts/1894396
19871054738,Sylvan Ditch And Reservoir Company,5100924;5103701,LITTLE MUDDY CREEK,1907,GRAND,batch2-promoted-verified,https://dwr.state.co.us/Tools/WaterRights/NetAmounts/1981264
19871124008,Talley Ditch Company,3000642,ANIMAS RIVER,1959,LA PLATA,batch2-promoted-verified,https://dwr.state.co.us/Tools/WaterRights/NetAmounts/1936187
20141675714,Tenassee Ditch Associates,1100551,SOUTH ARKANSAS RIVER,1866,CHAFFEE,batch1-promoted-verified,https://dwr.state.co.us/Tools/WaterRights/NetAmounts/1518592
19871106361,Terrace Irrigation Company,2002012;2100503;2100601;2103583,ALAMOSA RIVER,1867,CONEJOS,TERRACE IRRIGATION,https://dwr.state.co.us/Tools/WaterRights/NetAmounts/1543471
19871024942,The Fort Lyon Canal Company,1700553;1700648;1700673;1700674;1703545;1703546;6703882,ARKANSAS RIVER,1884,OTERO;CROWLEY;KIOWA;BENT;PROWERS,batch5-promoted-verified,https://dwr.state.co.us/Tools/WaterRights/NetAmounts/1760029
19871045723,The Pine River Canal Company,3101045,LOS PINOS RIVER,1868,LA PLATA,batch4-promoted-verified,https://dwr.state.co.us/Tools/WaterRights/NetAmounts/1859803
19871002041,The Pleasant Valley and Lake Canal Company,0300910,CACHE LA POUDRE RIVER,1861,LARIMER,batch4-promoted-verified,https://dwr.state.co.us/Tools/WaterRights/NetAmounts/1839511
19871063428,The United Water Company,0700570,CLEAR CREEK,1860,ADAMS,batch5-promoted-verified,https://dwr.state.co.us/Tools/WaterRights/NetAmounts/1883877
19871032233,The Ward Canal Company,0900576,BEAR CREEK,1870,JEFFERSON,batch4-promoted-verified,https://dwr.state.co.us/Tools/WaterRights/NetAmounts/1511347
19871012392,The Water Supply And Storage Company,0100675;0300911;0301315;0301316;0301317;0301318;0301331;0301332;0301333;0303501;0303676;0303679;0303735;0303736;0303737;0303739;0303740;0303741;0303742;0303743;0303744;4704602;4800500;4800576;4800577;5101212;5101213;5104601,CACHE LA POUDRE RIVER,1861,WELD;LARIMER;JACKSON;GRAND,batch5-promoted-verified,https://dwr.state.co.us/Tools/WaterRights/NetAmounts/1963901
19871046690,The Welton Land and Water Company,1400661,HUERFANO RIVER,1861,PUEBLO,batch5-promoted-verified,https://dwr.state.co.us/Tools/WaterRights/NetAmounts/1992793
19871092748,Thompson-Epperson Ditch Company,3100511,LOS PINOS RIVER,1877,LA PLATA,batch2-promoted-verified,https://dwr.state.co.us/Tools/WaterRights/NetAmounts/1562534
19871919703,Tijeras Irrigating Ditch Company,1900568,PURGATOIRE RIVER,1864,LAS ANIMAS,batch2-promoted-verified,https://dwr.state.co.us/Tools/WaterRights/NetAmounts/1532764
19871048627,Tremont Mutual Ditch Company,0100519,SOUTH PLATTE RIVER,1887,MORGAN,TREMONT MUTUAL DITCH,https://dwr.state.co.us/Tools/WaterRights/NetAmounts/1822678
19871032162,Trial Ditch Company,4001287,GUNNISON RIVER,1882,DELTA,batch2-promoted-verified,https://dwr.state.co.us/Tools/WaterRights/NetAmounts/1689222
19871015734,Tropic Ditch Company,4001789,NORTH FORK GUNNISON RIVER,1901,DELTA,batch2-promoted-verified,https://dwr.state.co.us/Tools/WaterRights/NetAmounts/1587416
19871036206,Upper Baldwin Ditch Company,0500583;0505378,DRY CREEK,1872,BOULDER,UPPER BALDWIN DITCH,https://dwr.state.co.us/Tools/WaterRights/NetAmounts/1484627
19871045460,Upper Harmony Ditch Company,6400823;6400824;6400825;6400826;6400827;6400828;6400829;6400830,SPRING CANYON,1897,LOGAN,UPPER HARMONY DITCH,https://dwr.state.co.us/Tools/WaterRights/NetAmounts/1701862
20011044787,"Upper Hight Ditch Company, Inc.",7201233,BUZZARD CREEK,1956,MESA,batch2-promoted-verified,https://dwr.state.co.us/Tools/WaterRights/NetAmounts/1647286
20091275433,Upper Walker Ditch Company,5700611,YAMPA RIVER,1882,ROUTT,UPPER WALKER DITCH,https://dwr.state.co.us/Tools/WaterRights/NetAmounts/1619462
19871293138,Von Hagen Ditch And Reservoir Co.,6800770;6801064,DALLAS CREEK,1878,OURAY,batch3-promoted-verified,https://dwr.state.co.us/Tools/WaterRights/NetAmounts/1643632
19871129859,Vouga Reservoir Association,2803595,RAZOR CREEK,1955,SAGUACHE,batch1-promoted-verified,https://dwr.state.co.us/Tools/WaterRights/NetAmounts/1556971
19871574470,"W. R. Blower Mutual Ditch Company, Inc.",0400603,LITTLE THOMPSON RIVER,1869,BOULDER,batch2-promoted-verified,https://dwr.state.co.us/Tools/WaterRights/NetAmounts/1482363
19871015009,Wadsworth Ditch Company,0700694;0700695,CLEAR CREEK,1860,JEFFERSON,batch2-promoted-verified,https://dwr.state.co.us/Tools/WaterRights/NetAmounts/1668566
19871126264,Walden Reservoir Company,4700813;4703627,MICHIGAN RIVER,1889,JACKSON,WALDEN RESERVOIR,https://dwr.state.co.us/Tools/WaterRights/NetAmounts/2037447
20061224462,Walker Ditch Company,5700611,YAMPA RIVER,1882,ROUTT,WALKER DITCH,https://dwr.state.co.us/Tools/WaterRights/NetAmounts/1619462
19871105239,Walsenburg Ditch Company,1600636,CUCHARAS RIVER,1866,HUERFANO,batch2-promoted-verified,https://dwr.state.co.us/Tools/WaterRights/NetAmounts/1528576
19871409610,Ward Reynolds Ditch Company,4500810,DIVIDE CREEK,1884,GARFIELD,WARD REYNOLDS DITCH,https://dwr.state.co.us/Tools/WaterRights/NetAmounts/1605786
20101092615,Ware And Hinds Ditch Association,3900687,ELK CREEK,1883,GARFIELD,batch1-promoted-verified,https://dwr.state.co.us/Tools/WaterRights/NetAmounts/1582417
19871006958,Warrior Ditch Company,0900962;0900963,BEAR CREEK,1860,JEFFERSON,batch2-promoted-verified,https://dwr.state.co.us/Tools/WaterRights/NetAmounts/1963157
19871039627,Weber Reservoir Company,3403594,WEST MANCOS RIVER,1902,MONTEZUMA,WEBER RESERVOIR,https://dwr.state.co.us/Tools/WaterRights/NetAmounts/1565596
19871009068,Weldon Valley Ditch Company,0100511,SOUTH PLATTE RIVER,1881,WELD,WELDON VALLEY DITCH,https://dwr.state.co.us/Tools/WaterRights/NetAmounts/2000692
19871970994,Wellington Reservoir Company,8000962,NORTH ROLLING CREEK,1920,JEFFERSON,WELLINGTON RESERVOIR,https://dwr.state.co.us/Tools/WaterRights/NetAmounts/1652072
19871008572,West Pueblo Ditch And Reservoir Company,1400535,ARKANSAS RIVER,1872,PUEBLO,batch2-promoted-verified,https://dwr.state.co.us/Tools/WaterRights/NetAmounts/1525581
19871049007,Western Mutual Ditch Company,0200537;0203005,SOUTH PLATTE RIVER,2010,WELD,WESTERN MUTUAL DITCH,https://dwr.state.co.us/Tools/WaterRights/NetAmounts/1870853
19871255449,Whitewater Mutual Ditch Company,5801621,YAMPA RIVER,1989,ROUTT,batch2-promoted-verified,https://dwr.state.co.us/Tools/WaterRights/NetAmounts/1622402
19871003685,Whitney Irrigating Ditch Company,0300930,CACHE LA POUDRE RIVER,1862,WELD,batch2-promoted-verified,https://dwr.state.co.us/Tools/WaterRights/NetAmounts/2038257
19871091035,Williams And Hamm Ditch Company,1100876,ARKANSAS RIVER,1877,CHAFFEE,WILLIAMS AND HAMM DITCH,https://dwr.state.co.us/Tools/WaterRights/NetAmounts/1682227
19871287024,Williams Canal Company,3900825,CANYON CREEK,1886,GARFIELD,batch4-promoted-verified,https://dwr.state.co.us/Tools/WaterRights/NetAmounts/1800894
19871010673,Windsor Reservoir & Canal Company,0303738,CACHE LA POUDRE RIVER,1861,WELD,batch2-promoted-verified,https://dwr.state.co.us/Tools/WaterRights/NetAmounts/2022726
19871041868,Wiswall Ditch Company,0500936,DRY CREEK,1892,BOULDER,batch2-promoted-verified,https://dwr.state.co.us/Tools/WaterRights/NetAmounts/1485085
19871058840,Wolfer Ditch Company,4700961,ROARING FORK,1888,JACKSON,batch2-promoted-verified,https://dwr.state.co.us/Tools/WaterRights/NetAmounts/1899186
20101191416,Wolff Ditch Company,0700705;0700706,CLEAR CREEK,1862,JEFFERSON,batch2-promoted-verified,https://dwr.state.co.us/Tools/WaterRights/NetAmounts/1490711
19871405641,Wood-Perry Ditch Company,6800781,DALLAS CREEK,1882,OURAY,WOOD PERRY DITCH,https://dwr.state.co.us/Tools/WaterRights/NetAmounts/1643306
19901061625,Woodchuck Ditch Company,5800943;5801091,SODA CREEK,1887,ROUTT,WOODCHUCK DITCH,https://dwr.state.co.us/Tools/WaterRights/NetAmounts/1621652
19951129171,Yeager Subdivision Ii Ditch Corporation,6201181,LAKE FORK,1892,GUNNISON,batch1-promoted-verified,https://dwr.state.co.us/Tools/WaterRights/NetAmounts/2017535
20131681303,Zweck And Turner Ditch Company,0500601,SAINT VRAIN CREEK,1862,BOULDER,batch2-promoted-verified,https://dwr.state.co.us/Tools/WaterRights/NetAmounts/1484651
